user_id,name,email,signup_date
1,Scott Barnes,escobarangela@example.org,2024-07-03 03:33:21
2,Katherine Anderson,gonzalez.com,2024-12-06 14:45:49
3,Kayla Leonard,santana-hall.com,2024-04-11 12:32:13
4,Manuel Cisneros,michael72@gmail.com,2024-04-20 00:52:54
5,Stephen Rhodes,colemanterri@hotmail.com,2024-07-21 01:08:04
6,Jennifer Welch,agonzalez@hotmail.com,2024-10-24 02:32:37
7,Adrian Howard,cdavis@yahoo.com,2024-10-20 21:46:26
8,Karen Meadows,kylie42@example.org,2024-11-02 10:56:57
9,Valerie Montgomery,erikacarter@yahoo.com,2024-01-05 00:11:21
10,Marc Sanchez,william06@gmail.com,2024-05-05 18:06:25
11,Kathleen Gonzalez,deborah08@example.org,2024-01-13 02:48:44
12,Matthew Clark DDS,hill.info,2024-05-08 02:48:06
13,Elizabeth Graham,andrew71@example.com,2024-08-26 22:54:43
14,Ryan Cruz MD,susan62@example.com,2024-02-21 11:00:03
15,Andrew Rodriguez,zburns@gmail.com,2024-02-13 22:21:31
16,Alan Ferguson,gonzalez.org,2024-08-24 01:29:45
17,Janet Giles,gonzalez-jones.com,2024-01-13 04:53:15
18,Regina Potts,luis90@example.com,2024-12-03 12:03:09
19,Joseph Stevens,dennis66@hotmail.com,2024-05-08 09:09:38
20,Tyler Rios,ycruz@hotmail.com,2024-07-07 08:58:06
21,Ronald Montgomery,laurie88@gmail.com,2024-03-15 09:01:55
22,Jessica Estes,greene.org,2024-07-15 20:06:54
23,Melissa Smith,andrew51@hotmail.com,2024-02-17 16:35:34
24,Thomas Murphy,ylewis@hotmail.com,2024-05-08 23:40:01
25,Joel Martin,rebeccajoyce@yahoo.com,2024-06-27 11:34:26
26,Devin Garcia,jose57@example.net,2024-09-09 16:28:57
27,David Clark,elizabeth61@example.org,2024-02-05 06:43:36
28,Katherine Jones,richardson.com,2024-03-11 20:08:36
29,Daniel Graves,parrishtanner@example.org,2024-05-16 07:30:03
30,Christian Hoffman,schneiderjennifer@example.com,2024-02-23 02:45:18
31,Christina Johnson,stacy59@example.com,2024-12-02 20:08:37
32,Andre Coffey DDS,miller.com,2024-03-08 17:47:11
33,Catherine Williams,rodneymitchell@hotmail.com,2024-07-16 21:33:55
34,Heidi Archer,stephanie89@yahoo.com,2024-08-08 09:19:04
35,Janice Armstrong,rbennett@hotmail.com,2024-02-09 05:52:36
36,Timothy Huerta,turner.com,2024-12-08 18:25:26
37,Christina Stephenson,davisrachel@example.net,2024-05-15 22:52:14
38,Donna Sanchez,young.com,2024-01-06 11:02:20
39,Derrick Kelly,aprilturner@gmail.com,2024-04-15 10:19:34
40,Cynthia Perkins,fleming.com,2024-04-21 00:06:47
41,Jessica Garcia,schmidt.org,2024-11-12 12:49:54
42,Matthew Maxwell,hdurham@example.org,2024-08-18 03:51:17
43,Melissa Adkins,josephjones@example.org,2024-03-01 15:43:00
44,Alyssa Johnson,lisa33@example.com,2024-08-09 12:45:44
45,Jennifer Evans,michelle91@yahoo.com,2024-07-23 08:06:27
46,Jenny Williams,kburton@example.com,2024-05-12 01:44:03
47,John Mcguire,millerlori@example.com,2024-11-14 23:30:52
48,Sabrina Diaz MD,danielromero@example.org,2024-06-19 08:59:54
49,Michael Tucker,alexander.org,2024-09-03 00:27:20
50,Suzanne Leonard,xlutz@hotmail.com,2024-01-02 07:12:28
51,Angela Knight,milleralison@yahoo.com,2024-01-24 20:20:31
52,Keith Tucker,danieljohnson@example.org,2024-09-19 11:08:30
53,Clifford Mcdowell,kristinamalone@gmail.com,2024-01-13 20:43:29
54,Daniel Jones,whitetara@yahoo.com,2024-06-15 01:32:32
55,Pam Bowers,yang.com,2024-04-30 18:40:14
56,Christine Ferguson,shawnalee@gmail.com,2024-01-18 06:45:40
57,Calvin Blair,mferguson@example.org,2024-10-14 09:15:43
58,Ricky Brown,silva.com,2024-10-05 10:48:18
59,Robert Kline,williams-holmes.info,2024-01-11 19:46:04
60,Bruce Bruce,pramsey@gmail.com,2024-03-09 02:14:28
61,Kimberly Smith,danielhubbard@example.org,2024-07-06 10:41:20
62,Michael Wells,jacquelinehancock@hotmail.com,2024-10-31 17:11:42
63,Valerie Carpenter,valeriechang@hotmail.com,2024-02-11 15:20:08
64,Rhonda White,elliott.biz,2024-02-18 08:24:59
65,Frank Guerra,ldunn@example.org,2024-07-28 00:37:17
66,Jordan Salazar,sandra35@hotmail.com,2024-07-25 10:56:48
67,Michelle Reid,patricia12@hotmail.com,2024-09-08 13:01:44
68,Daniel Young,jeremyvaughn@example.net,2024-12-02 15:50:41
69,Christopher Lee,hernandez.com,2024-05-23 02:05:36
70,Debra Nichols,robert34@example.net,2024-06-23 23:35:32
71,John Soto,brandywarren@yahoo.com,2024-07-15 14:40:07
72,Jeffrey Johnston,randytate@example.net,2024-09-23 23:43:57
73,Robin Snow,upotter@example.com,2024-05-07 01:24:36
74,Megan Owens,johnson-walker.biz,2024-08-15 07:20:54
75,Antonio Smith,gonzalezmaria@hotmail.com,2024-10-16 16:42:49
76,Courtney Rogers,cole.org,2024-01-10 13:30:51
77,Karen Shepherd,theresawilliams@example.com,2024-09-14 13:53:52
78,Rachael Dunn,richards-higgins.com,2024-04-08 21:41:24
79,Courtney Lamb,howardalicia@example.net,2024-12-13 13:18:11
80,Jonathan Cook,millerthomas@yahoo.com,2024-08-28 19:27:31
81,Jesus Conrad,bailey-oconnor.net,2024-09-21 01:48:40
82,Bruce Gentry DVM,asmith@example.com,2024-04-29 09:59:48
83,Lorraine Simpson,richards.com,2024-03-01 13:45:01
84,Katherine Matthews,dpatel@example.org,2024-10-08 00:04:22
85,Tracy Stein,wells.com,2024-05-19 01:46:21
86,Ruth Munoz,murphysuzanne@yahoo.com,2024-01-16 02:10:46
87,Christine Manning,carol23@gmail.com,2024-01-04 13:07:47
88,Charles Obrien,xrojas@example.org,2024-05-05 16:36:29
89,Stuart Hall,smith.org,2024-01-12 11:44:00
90,Arthur Mason,xwolfe@hotmail.com,2024-06-16 02:03:42
91,Amber Smith,jimenezdaniel@yahoo.com,2024-06-01 22:10:08
92,Patricia Williams,pamelalucas@yahoo.com,2024-02-19 10:50:05
93,John Crosby,chavez.biz,2024-09-18 01:50:26
94,Kelly Edwards,howell-gonzalez.com,2024-03-27 16:31:04
95,Sean Armstrong,williams.com,2024-03-03 10:41:42
96,Nicholas Kline,sarahwilliams@gmail.com,2024-11-03 00:26:01
97,Savannah Johnson,gmcfarland@yahoo.com,2024-01-27 02:49:39
98,Karen Craig,nbush@yahoo.com,2024-01-21 13:27:35
99,Caitlyn Ryan,mario20@hotmail.com,2024-07-08 16:59:26
100,Jason Hill,amanda12@example.com,2024-08-28 08:59:12
101,Ryan Meyer,kennedy.com,2024-05-09 23:44:45
102,David Lara,nmckinney@example.net,2024-11-19 21:22:54
103,Stephanie Parsons,kristifloyd@yahoo.com,2024-11-27 12:33:36
104,Michael Woods,dean-harrington.org,2024-02-07 07:18:04
105,Amber Martin,sophiagreen@example.org,2024-01-07 01:57:40
106,Tracey Atkins,scott.com,2024-10-05 22:28:12
107,Julie Mora,brandi68@yahoo.com,2024-06-15 09:32:39
108,Keith Ewing,urogers@example.com,2024-11-14 12:28:22
109,Zachary Lewis,west.com,2024-11-15 21:36:42
110,Jose Bailey,rodriguez.org,2024-01-29 13:34:04
111,Daniel Freeman,green-perry.com,2024-10-24 18:34:46
112,David Hill,westjessica@example.org,2024-10-04 14:09:55
113,Dr. Hannah Cox,webb.com,2024-01-13 00:23:51
114,Abigail Miller,parkererik@example.org,2024-01-31 05:52:31
115,Mr. William Costa,nelson.com,2024-12-18 19:37:43
116,Ethan Gibson II,dhorton@yahoo.com,2024-08-06 20:20:04
117,Mark Vang,davidwilliams@hotmail.com,2024-01-11 13:58:38
118,Sandra Young,jenkins.com,2024-03-29 19:52:43
119,Scott Davis,oliver-davenport.com,2024-02-03 01:58:27
120,Allen Casey,dennis33@gmail.com,2024-11-10 09:58:45
121,Catherine Hill,ponce.com,2024-05-14 02:40:09
122,Michelle Miller,holly02@gmail.com,2024-01-23 00:34:30
123,Erika Knapp,ocox@yahoo.com,2024-10-21 15:05:49
124,Timothy Chapman,pham-acosta.com,2024-04-20 10:26:18
125,Nathan Love,zhang.com,2024-03-10 15:51:58
126,Mark Walter,jamescarpenter@hotmail.com,2024-07-03 22:21:47
127,Christina Smith,eddie37@yahoo.com,2024-03-09 09:44:25
128,Ryan Carpenter,schmidtpatrick@example.org,2024-08-18 08:41:59
129,Joshua King,michelle68@hotmail.com,2024-10-11 07:45:59
130,April Gibson,walker-turner.org,2024-05-05 04:29:26
131,Cody Williamson,lisa79@example.org,2024-02-25 15:56:46
132,Catherine Mccarty,amy05@example.net,2024-10-06 22:08:37
133,Raymond Stein,aaron35@example.org,2024-03-18 01:49:43
134,David Reeves,robertson.net,2024-08-20 11:16:12
135,Kathryn Cole,adams.com,2024-10-04 07:06:12
136,John Ward,rebecca58@example.com,2024-05-14 09:51:47
137,Jennifer Roberts,marshmichelle@hotmail.com,2024-01-25 10:14:57
138,Jason Carr,tombates@example.com,2024-10-19 07:38:22
139,Anthony Beck,turner.com,2024-09-11 04:55:52
140,Mr. Christopher Sanchez,angelahowe@example.net,2024-01-31 22:24:16
141,Bobby Perry,young.com,2024-02-13 23:27:20
142,John Sherman,medwards@example.net,2024-02-07 22:16:40
143,Theresa Jackson,walkervictoria@example.net,2024-02-05 12:53:21
144,Jonathan Joseph,patricia94@hotmail.com,2024-02-10 04:05:16
145,Brittney Becker,phillipswilliam@example.org,2024-07-21 20:33:10
146,Jessica Kelly,vzavala@yahoo.com,2024-10-10 05:13:51
147,Wendy Tyler,luiswilson@hotmail.com,2024-04-03 17:28:49
148,Stephen Austin,jeffrey83@example.net,2024-02-09 02:39:50
149,Michele Lara,lisaprice@yahoo.com,2024-08-26 19:38:34
150,Nicole Harris,lauramitchell@example.com,2024-11-22 02:09:19
151,Matthew Strong,carolnewton@example.net,2024-07-20 14:14:48
152,Gregory Novak,loripeterson@yahoo.com,2024-04-03 21:25:00
153,Timothy Wilson,melaniewilliamson@yahoo.com,2024-03-05 19:02:42
154,Robin Williams,katherineliu@hotmail.com,2024-05-30 12:21:01
155,Taylor Potter,wbrooks@example.com,2024-07-07 12:25:12
156,Jessica Hurley,karen56@hotmail.com,2024-10-19 21:39:06
157,Kendra Sanchez,smith.com,2024-09-27 21:11:19
158,Cindy Gill,hillwendy@gmail.com,2024-03-10 18:35:13
159,Shane Parrish,davidhiggins@example.org,2024-11-29 10:16:26
160,Becky Perry,david88@hotmail.com,2024-07-26 17:08:21
161,Mrs. Stacy Jackson MD,bender.biz,2024-02-12 12:06:00
162,Cassandra Chang,wrios@example.net,2024-10-13 14:55:41
163,Brett Wood,kiddelizabeth@hotmail.com,2024-12-10 18:31:53
164,Michael Drake,kennedy.com,2024-10-19 17:32:09
165,Tristan Carter,barnes.com,2024-01-09 12:06:41
166,Amy Barker,harris.com,2024-07-24 07:49:28
167,Justin King,garciacarolyn@example.net,2024-10-31 02:28:36
168,Bryan Morton,gibbskristin@example.net,2024-08-29 14:48:06
169,Gary Bishop,allenscott@example.com,2024-02-20 12:22:20
170,Jeremy Hart,dswanson@example.net,2024-11-27 20:42:49
171,James Gallegos,collins.info,2024-03-02 06:36:55
172,Sean Guerrero,brendamontgomery@example.org,2024-06-09 21:01:50
173,James Coleman,howard.com,2024-02-10 02:22:17
174,John Anderson,whitelaura@example.org,2024-06-01 15:17:33
175,Crystal Bailey,teresa53@gmail.com,2024-09-26 10:18:49
176,Sara Sharp,david97@example.org,2024-01-14 16:18:36
177,Mr. Scott Robinson,rmarquez@example.com,2024-09-06 11:02:59
178,Luis Ramos,rivers.com,2024-12-05 05:40:27
179,Stephanie Briggs,vhouston@yahoo.com,2024-05-15 01:45:38
180,Dr. Kristin Carpenter DDS,ibarrapamela@gmail.com,2024-02-17 10:09:17
181,Kristin Lewis,charlescampbell@example.net,2024-01-02 02:21:21
182,Mark Baldwin,stanley.com,2024-07-15 02:28:31
183,Rebecca Gutierrez,mcclain.com,2024-04-08 13:37:33
184,Chelsea Clark,baker-stout.com,2024-06-17 00:18:57
185,Matthew Baxter,acevedo.com,2024-11-02 09:37:36
186,Eric White,msullivan@yahoo.com,2024-01-16 23:17:35
187,Justin Turner,barnett.com,2024-08-07 14:04:26
188,Susan Stone,martin-quinn.com,2024-03-02 21:41:58
189,Kevin Velasquez,beth96@hotmail.com,2024-09-19 18:11:59
190,Richard Huerta,coxraymond@hotmail.com,2024-02-04 18:13:19
191,Gerald Brown,janiceschmidt@example.org,2024-04-12 23:09:01
192,Adam Evans,angela11@gmail.com,2024-10-14 05:14:01
193,Jacob Matthews,cooper-patton.info,2024-06-20 13:39:09
194,Laura Schaefer,tucker.org,2024-09-26 18:20:40
195,Carolyn Russo,cox.org,2024-03-17 23:39:55
196,Dr. Amanda Aguirre,ywright@example.com,2024-07-01 14:36:26
197,Ana Zavala,robert17@example.org,2024-01-22 09:04:19
198,Leslie Patrick,efischer@hotmail.com,2024-03-19 23:04:41
199,Curtis Simmons,xmccann@example.com,2024-02-23 18:12:58
200,Dylan Wilson,traviscopeland@example.com,2024-04-12 22:16:41
201,Mary Gilbert,hfarley@example.org,2024-12-13 17:45:31
202,David Taylor,erinbuchanan@example.net,2024-08-16 07:55:57
203,David Thomas,reneegreene@yahoo.com,2024-04-07 15:15:27
204,Brooke Dixon,douglas64@gmail.com,2024-05-27 05:27:56
205,Tammy Luna,nathanielguzman@example.org,2024-04-22 12:12:08
206,Norma Jones DVM,denise50@example.org,2024-03-17 15:38:27
207,Jose Hamilton,joshuacooke@example.org,2024-10-15 04:02:51
208,Tina Mendoza,wallacegwendolyn@example.com,2024-10-02 05:12:42
209,Danielle Gray,lauracampbell@hotmail.com,2024-09-26 18:38:49
210,Mark Soto,johnsonkevin@example.net,2024-05-02 07:12:53
211,Christine Archer,curtiserica@example.com,2024-11-03 22:24:00
212,Joshua Davis,portercolleen@example.org,2024-09-16 09:56:18
213,Belinda Miller,ramos.net,2024-10-16 12:20:20
214,Carmen Dunlap,brittanyespinoza@example.com,2024-02-26 07:54:49
215,Erin Aguirre,tpage@yahoo.com,2024-07-25 04:23:39
216,Patrick Williams,edwin72@gmail.com,2024-10-30 12:20:51
217,Kyle Taylor,robertselizabeth@yahoo.com,2024-02-19 23:42:23
218,Mark Hanson,zachary10@yahoo.com,2024-07-26 07:57:39
219,Regina Burnett,hunt.com,2024-09-14 03:17:47
220,Roy Mcpherson,peck.info,2024-04-08 17:15:35
221,Nancy Benitez,elliottpamela@hotmail.com,2024-08-08 22:26:57
222,Sonya Moore,angela30@example.com,2024-11-03 22:28:29
223,Jeremy Mccarthy,williams-ball.com,2024-12-18 14:45:47
224,James Sutton,glenn.biz,2024-05-12 05:34:54
225,John Whitehead,bass.com,2024-06-15 17:43:19
226,Christina Conner,elizabethzuniga@hotmail.com,2024-04-25 10:23:04
227,Brian Smith,harrisjeffrey@gmail.com,2024-11-19 05:22:25
228,Corey Garrison,figueroa-henson.biz,2024-11-29 10:35:33
229,David Hardin,xstone@example.org,2024-02-27 04:51:23
230,Jorge Herrera,lisa40@example.com,2024-09-27 09:21:56
231,Gwendolyn Flowers,iberger@example.net,2024-01-12 17:32:42
232,David Curtis,butler.com,2024-07-01 11:17:28
233,Amanda Le,williamsjames@gmail.com,2024-03-31 12:14:34
234,Elijah Harrison,rhodes.com,2024-11-12 13:43:30
235,Daniel Davis,nielsen-calhoun.biz,2024-09-10 09:05:55
236,Christopher Green,brownamy@example.net,2024-01-22 20:52:39
237,David Williams,hodge.com,2024-12-17 21:02:43
238,Diane Estrada,mwagner@gmail.com,2024-03-18 14:49:05
239,Isaiah Henry,josewallace@hotmail.com,2024-10-06 19:08:40
240,Joseph Graham,snydersteven@example.net,2024-02-16 12:46:20
241,Antonio Warren,ellisvincent@yahoo.com,2024-01-13 11:07:49
242,Susan Chapman,jordan.com,2024-05-13 22:40:51
243,Terri Roberts,hudson-bryant.com,2024-08-01 17:44:40
244,Peter Nguyen,lauren72@example.net,2024-05-14 06:15:49
245,Jesse Nguyen,harrismaria@example.org,2024-02-02 19:46:17
246,Joanna Malone,kyle14@hotmail.com,2024-06-19 12:36:08
247,Scott Bailey,randalljohnson@example.net,2024-12-21 11:16:28
248,Abigail Garcia,smithemily@example.org,2024-04-25 13:52:40
249,Cynthia Cole,chrispacheco@gmail.com,2024-03-02 16:20:00
250,Jenna Gomez,fhughes@example.net,2024-06-20 06:21:52
251,Melanie Jordan,perkinsrobert@example.org,2024-03-27 16:30:46
252,Tina Jacobson,christopherpayne@example.org,2024-11-09 08:37:31
253,Shane Hunt,briggs-douglas.com,2024-04-24 13:58:39
254,Melissa Jacobs,wilsonwilliam@hotmail.com,2024-05-01 02:09:57
255,Jennifer Ramirez,anthony63@hotmail.com,2024-03-19 03:02:46
256,Heather Cross,suzannemayer@example.org,2024-02-18 21:17:53
257,Paul Jordan,thompson.net,2024-09-23 01:56:53
258,Daniel Kerr,stephanie64@example.com,2024-06-05 22:05:29
259,Alexis Hughes,mollybruce@yahoo.com,2024-02-09 14:26:50
260,Meghan Fowler,randy52@example.net,2024-07-30 08:03:08
261,Victoria Gardner,pierce.com,2024-08-05 19:55:40
262,John Kaiser,miller.com,2024-04-24 11:00:45
263,James Alexander,marshall-estes.info,2024-12-20 22:33:37
264,Jimmy Sloan,cain-stanton.com,2024-05-08 03:48:07
265,Brad Woods,lawrence.com,2024-05-15 05:37:35
266,Jeffrey Burns,ajackson@example.com,2024-09-09 18:32:16
267,Dillon Manning,nwashington@hotmail.com,2024-02-08 20:09:05
268,Nicholas Rodriguez,kwarren@example.org,2024-01-04 02:00:26
269,James Obrien,thompson.info,2024-04-06 02:09:42
270,Bryan Wiley,webb.org,2024-01-30 16:48:30
271,Kevin Patton,perry-santana.com,2024-10-04 21:02:59
272,Stephen Davis,bowman-juarez.com,2024-11-26 13:07:40
273,Kelsey Leach,bking@gmail.com,2024-05-05 13:51:57
274,Christopher Moss,blackshelby@example.com,2024-06-16 13:58:17
275,Monica Garcia,amanda69@yahoo.com,2024-09-30 09:08:25
276,Nicholas Knapp,baxter-moore.com,2024-06-19 16:23:34
277,Sabrina Lawrence,saunders.com,2024-02-05 11:57:43
278,Jaime Hickman,lindsey27@yahoo.com,2024-01-31 22:21:58
279,Jacqueline Rogers,manning-townsend.com,2024-10-04 13:24:37
280,Scott Butler,robinsonchristina@example.com,2024-10-11 14:31:07
281,Jonathan Brown,lee.com,2024-08-31 23:53:49
282,Devin Brennan,frank95@example.net,2024-07-12 00:21:29
283,Charles Bowman,reyes-phillips.com,2024-07-04 08:30:51
284,Justin Bennett,gabriel27@yahoo.com,2024-06-24 02:32:24
285,Joshua Hernandez,mcknightkenneth@example.net,2024-02-28 10:45:23
286,Kari Daugherty,holly72@yahoo.com,2024-08-23 23:46:35
287,Kevin Miller,hernandezrebecca@example.net,2024-06-10 23:28:01
288,Angela Harris,nicholsmichael@example.net,2024-04-21 04:44:29
289,Patricia Lawson,wilson.com,2024-04-24 17:58:17
290,Kathleen Oconnor,thompson.com,2024-07-12 19:20:13
291,David Kennedy,hendricks-alexander.com,2024-08-09 04:53:37
292,Michael Bruce,duncanlinda@example.com,2024-09-10 07:34:24
293,Hannah Navarro,amyjohnson@gmail.com,2024-08-28 11:43:21
294,Kara Johnson,marybecker@example.net,2024-12-02 20:42:25
295,Patricia Walker,cohen-rose.com,2024-05-02 10:59:26
296,Cassidy Rodriguez,idickerson@example.org,2024-08-27 10:55:48
297,Patrick Johnson,sutton-anderson.biz,2024-07-04 16:09:13
298,Hailey Bean,huntbeth@example.org,2024-12-01 08:51:21
299,Misty Thompson,moreno.com,2024-09-14 02:01:10
300,Shannon Fernandez,cruz-peterson.com,2024-05-01 06:40:08
301,Sarah Burns,joe19@example.com,2024-07-29 15:46:47
302,Rachel Ali,pbonilla@hotmail.com,2024-09-20 01:21:43
303,Suzanne Mosley,meredithsmith@yahoo.com,2024-09-08 23:04:59
304,Marissa Monroe,bradlloyd@example.org,2024-08-25 06:04:45
305,Michelle Chan,cynthiamoore@yahoo.com,2024-05-05 16:35:31
306,Emma Bryant,emilyjohnston@example.com,2024-03-24 22:15:17
307,Robert Clayton,smithnorman@example.org,2024-09-09 13:48:00
308,Stacey Rogers,johnson.info,2024-07-27 13:46:29
309,David Martinez,rodriguez.com,2024-10-28 05:55:11
310,Stuart Rodriguez,tommyshaffer@example.com,2024-07-05 16:54:55
311,Randy Murphy,todd.com,2024-01-10 00:47:27
312,Angela Reynolds MD,wright-yates.org,2024-06-29 01:02:17
313,Diana Johnson,melissa44@yahoo.com,2024-02-25 20:58:49
314,Sonya Kennedy,davis-price.com,2024-02-03 22:12:34
315,Christopher Cortez,nelsonmalik@example.com,2024-09-12 13:20:47
316,Amber Cole,norton-brooks.org,2024-07-27 11:04:24
317,Lisa Nguyen,tina63@example.net,2024-07-05 06:26:16
318,Sarah Rose,hughesrhonda@hotmail.com,2024-11-02 16:39:26
319,Gabriel Fletcher,wood.com,2024-04-16 05:24:40
320,Elaine Davenport,erinmiller@yahoo.com,2024-05-15 04:48:10
321,Garrett Davis MD,ihill@hotmail.com,2024-05-19 06:31:08
322,Miranda Tate,linda77@example.net,2024-04-05 15:58:44
323,Kayla Harrison,harrisdawn@example.org,2024-07-16 09:05:41
324,Jasmine Joseph,pittman.com,2024-06-20 07:23:16
325,Nicholas Lee,rebeccamendez@yahoo.com,2024-08-12 00:44:13
326,Jason Diaz,stewart.com,2024-05-14 05:58:45
327,Julie Jones,millerdillon@gmail.com,2024-11-24 20:01:33
328,Joseph Campbell,vvargas@hotmail.com,2024-06-18 07:19:08
329,Justin Mcintyre,manning.com,2024-09-12 23:08:49
330,Ashley Young,alison91@example.org,2024-01-10 23:16:18
331,Joseph Hogan,elizabeth37@yahoo.com,2024-11-14 05:19:21
332,Shannon Patterson,lcarson@gmail.com,2024-08-12 20:28:06
333,Jennifer Pierce,garcia.com,2024-08-15 22:35:36
334,Tyler Hunt,jennifer62@hotmail.com,2024-08-10 09:06:30
335,Andrew Garrett,jill31@example.com,2024-09-15 16:38:31
336,Diana Allen,oconnell.net,2024-11-22 23:13:30
337,Scott Norton,huffmelanie@example.org,2024-12-18 01:03:37
338,Ms. Molly Williams,iwalker@hotmail.com,2024-10-03 22:17:17
339,Mia Ware,mathewsadam@yahoo.com,2024-10-14 11:39:19
340,Rachel Johnson,glewis@example.org,2024-04-16 06:13:35
341,Jennifer Jones,marisa15@gmail.com,2024-06-17 23:15:24
342,Stephanie Joseph,donaldpaul@gmail.com,2024-05-10 04:31:27
343,Cathy Moreno,kristen04@example.org,2024-05-01 11:50:11
344,Whitney Gonzalez,joseph10@hotmail.com,2024-04-22 06:01:45
345,Sherry Harper,vaughndebra@example.com,2024-11-03 23:26:11
346,Jennifer Morgan,danielmendoza@example.org,2024-04-17 11:19:47
347,Christian Powell,melissa82@yahoo.com,2024-06-30 19:34:30
348,Tina Anderson,ronald49@example.com,2024-06-07 03:37:11
349,Vanessa Wilson,andersonshari@gmail.com,2024-07-09 21:49:20
350,Mariah Rivers,friedmanmichele@yahoo.com,2024-10-22 18:21:57
351,David Collins,michaelmartin@hotmail.com,2024-03-25 22:37:08
352,Chris Brown,matthewwilliams@hotmail.com,2024-04-09 05:05:55
353,Frederick Contreras,olsontravis@example.org,2024-12-06 20:15:38
354,Larry Eaton,samuel62@hotmail.com,2024-06-24 21:38:20
355,Candace Martinez,davidpaul@hotmail.com,2024-03-01 12:29:53
356,Morgan Johnson,christinemartin@yahoo.com,2024-07-25 23:18:12
357,Janet Dominguez,grahammichael@example.net,2024-03-23 00:41:27
358,Christopher Watson,long.biz,2024-07-14 19:26:43
359,David Turner,brianrojas@gmail.com,2024-03-18 00:55:21
360,Henry Murray,barber.com,2024-09-23 03:16:19
361,Steven Anderson,campbell.info,2024-05-18 02:39:57
362,Nancy Austin,nicholashunt@yahoo.com,2024-10-02 07:58:29
363,Preston Strong,duran-wang.com,2024-06-30 01:10:26
364,Holly Rodriguez,ecarter@hotmail.com,2024-12-10 08:35:19
365,Mark Barnett,cox.net,2024-03-16 04:51:04
366,Victoria Bryant,alexander.org,2024-07-07 04:35:16
367,Jennifer Good,matthew64@yahoo.com,2024-04-22 09:34:02
368,Keith Andrade,delgado.com,2024-01-10 17:39:52
369,Christopher Brooks,renee56@hotmail.com,2024-07-13 19:44:57
370,William Schultz,suzannejarvis@example.org,2024-11-20 21:19:50
371,Chad Thomas,william65@example.net,2024-02-13 18:52:44
372,Jon Snyder,aterry@gmail.com,2024-02-27 11:36:39
373,Adam Turner,torres.com,2024-11-08 15:57:19
374,Jessica Howell,shields.com,2024-12-12 08:45:58
375,Debbie Williams,howardandrew@example.net,2024-04-08 12:01:07
376,Lisa Sanders,jones.com,2024-02-12 11:21:02
377,Mckenzie Lopez,denisegrant@yahoo.com,2024-11-02 12:08:45
378,Greg Mcclain,trosario@gmail.com,2024-02-04 23:26:42
379,Daniel Hill,englishcharles@yahoo.com,2024-05-06 13:06:02
380,Kimberly Scott,travis07@gmail.com,2024-10-27 15:35:13
381,Penny Ramirez,ggarner@example.com,2024-12-10 02:11:30
382,Eduardo Oliver,holtjacob@example.org,2024-05-10 11:55:08
383,Mrs. Natalie Webster MD,nelson-shah.info,2024-07-02 21:28:09
384,George Andrade,spencer-freeman.biz,2024-12-01 08:39:09
385,Michael Rowland,megansimmons@example.net,2024-05-17 23:26:03
386,Gwendolyn Holt MD,klinerobert@hotmail.com,2024-09-27 19:39:52
387,Kenneth Bennett,marshall-moore.com,2024-09-20 08:49:58
388,Pamela Rodgers,james81@yahoo.com,2024-07-19 02:56:29
389,Jennifer Hunt,christophermurphy@yahoo.com,2024-08-24 12:56:29
390,George Lawrence,tammy58@gmail.com,2024-01-22 14:32:35
391,Brianna Hurst,gill-schroeder.com,2024-12-18 07:12:32
392,Joseph Young,jessicaortiz@yahoo.com,2024-02-09 12:12:56
393,Edwin Campbell,james79@hotmail.com,2024-04-15 13:20:21
394,Laura King DDS,jeremyreyes@gmail.com,2024-11-04 12:58:27
395,Krystal Martinez,idavis@example.net,2024-10-22 11:40:24
396,Christine Moore,eweiss@example.net,2024-02-20 06:49:07
397,Amy Sullivan,patrick09@example.com,2024-05-09 08:54:03
398,Melanie Martin,anthony58@example.net,2024-09-29 08:28:18
399,Adam Stanley,vjohnston@gmail.com,2024-06-18 05:13:24
400,Kari Craig,white.com,2024-11-21 20:52:11
401,Christian Perry,lindajackson@example.net,2024-12-16 02:28:06
402,Michelle Williams,fishermichael@example.net,2024-10-17 05:42:15
403,Kelly Rasmussen,harrison.com,2024-12-09 15:26:33
404,Michele Burke,sean52@gmail.com,2024-03-14 13:01:42
405,Nicole Kelly,rodriguez-wood.biz,2024-08-24 18:34:49
406,Robert Beasley,mcgee.com,2024-08-15 05:30:05
407,Michael Gutierrez,perez-phillips.net,2024-08-15 02:47:33
408,Lisa Long,stewartlisa@example.net,2024-08-25 14:10:45
409,Evan Waters,black-morrison.org,2024-11-14 08:26:21
410,Jeanne May,megan53@example.org,2024-10-15 02:09:07
411,Brianna Hernandez,john43@example.org,2024-03-24 10:39:24
412,Kayla King,quinnsteven@example.com,2024-09-02 13:49:26
413,Jessica Mills,michael90@example.com,2024-04-05 03:54:21
414,Glenn Jordan,justinrogers@yahoo.com,2024-01-30 22:52:53
415,Brittney Guzman,higginsjennifer@yahoo.com,2024-10-01 15:23:05
416,Donald Harvey,weaver-burke.com,2024-03-19 02:27:52
417,Lauren James,wright.com,2024-05-21 07:14:44
418,Antonio Shepherd,johnson.org,2024-05-27 05:01:14
419,Christopher Medina,bboyer@hotmail.com,2024-11-08 06:27:30
420,Mark Vaughn,zcrawford@gmail.com,2024-01-06 23:30:48
421,Erica Mcmahon MD,santosanthony@hotmail.com,2024-03-09 02:47:44
422,Chris Campbell,smithjeffrey@example.org,2024-07-26 18:10:32
423,Haley Parker,davis.com,2024-10-31 18:54:04
424,Jessica Martinez,schmidtjodi@example.com,2024-01-18 22:22:50
425,Dr. Alyssa Schmidt DVM,owenskeith@example.com,2024-10-31 13:01:55
426,Keith Chan,ashleesanford@example.net,2024-10-29 15:42:21
427,Nicholas Woods,lopez.com,2024-05-16 04:07:12
428,Gregory Harrison,harristaylor@example.com,2024-09-20 21:57:00
429,Kelli Floyd,yangsean@hotmail.com,2024-08-19 14:00:55
430,Adam Stephens,heatherstokes@gmail.com,2024-04-24 12:54:29
431,Michael House,joshua10@example.net,2024-05-31 19:35:21
432,Jeffery Smith,benton.com,2024-05-12 09:34:38
433,James Smith,amandapatrick@hotmail.com,2024-04-13 05:47:53
434,George Nunez,koch-lane.com,2024-04-02 10:30:46
435,Austin Baldwin,kathleenleonard@gmail.com,2024-07-15 12:05:38
436,Lauren Cortez,campbell-pearson.com,2024-06-19 03:45:45
437,Melanie Wheeler,gonzalez.com,2024-06-21 15:49:28
438,Christopher Mitchell,anderson-miller.org,2024-03-05 18:19:55
439,Helen Jones,davistiffany@yahoo.com,2024-08-11 19:43:36
440,Margaret Munoz,blevins.net,2024-02-15 07:58:56
441,Pedro Herrera,olsonandrea@example.com,2024-08-30 01:19:05
442,Lisa Rodriguez,darcher@hotmail.com,2024-01-13 06:53:37
443,Thomas Carter,jeffrey48@example.com,2024-11-16 09:43:50
444,Kayla Larson,dgarcia@yahoo.com,2024-04-16 02:22:30
445,Lee Anderson,hendrix.com,2024-09-14 21:37:08
446,Cynthia Cabrera,lance38@example.net,2024-07-13 09:45:06
447,Jennifer Hinton,matthews.com,2024-12-11 16:23:57
448,Lindsay Ross,henderson.com,2024-11-12 22:23:45
449,Heather Day,sandovaljennifer@gmail.com,2024-04-18 22:27:22
450,Christina Doyle,anthony58@gmail.com,2024-01-09 02:31:49
451,Lisa Smith,yhardy@example.org,2024-01-14 14:01:02
452,Tara Gray,stephanie32@yahoo.com,2024-11-15 17:30:55
453,Bryan Pearson,francis85@example.net,2024-09-22 06:04:52
454,Alan Holmes,daniel55@hotmail.com,2024-07-19 07:51:25
455,Ann Moody,ericowens@gmail.com,2024-07-17 23:12:47
456,Tracey Sheppard,nunezbryan@example.org,2024-01-03 04:06:04
457,Christina Baird,james82@example.com,2024-03-19 04:14:03
458,Michael Wilson,fparker@hotmail.com,2024-11-02 18:36:31
459,Kenneth Pineda,wrightcolin@example.org,2024-07-15 19:26:30
460,Angela Lane,matthews.com,2024-10-30 16:56:45
461,Ronald Cooper,amanda11@yahoo.com,2024-08-25 12:50:20
462,Christina Brewer,baker.com,2024-06-15 23:13:28
463,Travis Robinson,pscott@example.net,2024-08-12 18:14:23
464,Terry Campbell,kristinavaughan@example.com,2024-08-01 13:36:05
465,Mary Gross,rcochran@example.net,2024-10-24 07:12:45
466,Linda Werner,wattsheather@example.net,2024-12-05 11:19:47
467,Craig Butler,robert11@example.net,2024-02-17 21:20:14
468,Austin Stuart,jessica08@hotmail.com,2024-01-23 21:53:24
469,Craig Smith,fespinoza@hotmail.com,2024-05-09 23:48:35
470,Veronica Johnson,ryanbrooks@hotmail.com,2024-03-20 08:14:52
471,Amanda Moore,stewarthenry@example.net,2024-07-13 06:02:03
472,Zachary Hill,bonnie68@example.com,2024-11-14 17:49:34
473,Holly Reese,kelley.com,2024-09-25 10:46:57
474,Angela Marshall,jordan-cortez.com,2024-03-24 12:53:32
475,Amber Cooper,kelley.com,2024-07-06 14:44:50
476,Amy Yang,kristensmith@example.com,2024-05-24 07:34:13
477,Christina Delgado,patricia11@gmail.com,2024-08-10 18:54:05
478,Melissa Washington,tiffany57@gmail.com,2024-04-10 04:03:49
479,Kelly Gardner,justin47@yahoo.com,2024-05-24 02:06:48
480,Jason Grimes,roberts.com,2024-06-27 20:30:13
481,Sara Dominguez,egentry@gmail.com,2024-10-06 11:08:15
482,John Flores,fromero@hotmail.com,2024-08-14 22:04:39
483,Brandon Clayton,waltersregina@example.org,2024-09-02 09:40:51
484,Joseph Simmons,caindanny@example.com,2024-03-13 20:29:41
485,Robert Yang,christopherhayes@example.com,2024-11-04 09:45:31
486,Rebekah Mccoy,hanna.com,2024-04-14 06:02:37
487,David Henderson,lgonzalez@example.net,2024-07-18 07:10:50
488,Alejandro Garcia,zchen@example.org,2024-11-21 23:07:54
489,Mrs. Amanda Sanford MD,jonathon11@example.net,2024-08-19 23:57:21
490,Joseph Tapia,manning-rogers.com,2024-10-30 14:26:00
491,Kyle Mcneil,jorozco@example.net,2024-04-08 19:26:40
492,Heather Taylor,dannyscott@example.org,2024-05-03 14:31:02
493,Elizabeth Carr,green.net,2024-06-15 05:57:18
494,Mariah Downs,myerschristopher@yahoo.com,2024-03-07 12:10:10
495,Jack Watson,tamara92@example.org,2024-08-22 09:26:31
496,Marc Lee,spencer-bridges.net,2024-12-01 16:09:44
497,Joseph Lopez,boothmargaret@yahoo.com,2024-02-24 12:11:30
498,Laura Ward,natalie84@example.com,2024-09-16 10:53:37
499,Andrew Ball,yhansen@example.org,2024-12-06 22:01:08
500,Brad Allison,armstrong.com,2024-07-16 13:57:36
501,Gregory Lee,llee@example.com,2024-02-08 02:06:19
502,Steven Palmer,andrecole@hotmail.com,2024-09-29 11:49:57
503,Erica Sharp,campbell-daniel.com,2024-11-25 06:27:28
504,Benjamin Gilmore,williams.net,2024-02-05 01:18:42
505,Shawn Johnson,keithdean@yahoo.com,2024-02-04 14:53:39
506,Daniel Bishop,jones.com,2024-05-19 00:16:49
507,Matthew Sherman,tammy88@example.net,2024-09-30 06:16:32
508,David Petersen,browningalec@hotmail.com,2024-08-30 09:24:13
509,Marie Lewis,claytonjamie@hotmail.com,2024-05-15 13:44:56
510,Sandra Villegas,newmanchristina@gmail.com,2024-10-23 19:34:15
511,Sara Rose,becker.com,2024-07-24 22:30:01
512,Ronald Roberts,garcia-vasquez.com,2024-02-21 23:11:17
513,Christian Foster,carrieburke@hotmail.com,2024-01-19 17:57:50
514,Brandon Hansen,rosesarah@example.net,2024-07-10 01:38:52
515,Lisa Hayden,judithwilliams@example.org,2024-04-08 20:29:13
516,Michael Carter,leetyler@gmail.com,2024-06-22 21:40:51
517,Angela Weaver,lang.com,2024-03-19 05:55:24
518,Shawn Booker,gross-rogers.net,2024-01-27 02:49:44
519,Kim Miller,brendawilliams@yahoo.com,2024-05-09 22:42:29
520,Megan Rodriguez,kathleenschroeder@example.org,2024-10-06 06:15:09
521,Brendan Brown,garciapatrick@example.org,2024-10-18 17:51:07
522,Adam Avery,tylergraves@hotmail.com,2024-09-26 12:24:01
523,Tara Henry,robinsonsusan@example.org,2024-04-19 15:21:53
524,Nicole Smith,michael25@gmail.com,2024-11-30 11:14:04
525,Andrew Whitehead,gonzalez.com,2024-11-30 04:33:55
526,Karen Arellano,vmontgomery@example.net,2024-04-19 20:11:07
527,Kelly Moore,marksanchez@example.org,2024-02-26 01:13:08
528,John Reyes,smith-miller.com,2024-08-23 20:21:27
529,Anthony Trujillo,griffith.com,2024-06-05 02:18:11
530,Connie Le,sylvia45@hotmail.com,2024-06-13 10:27:40
531,Edwin Hernandez,jbennett@example.com,2024-05-08 06:49:10
532,Ronald Kennedy,walker.net,2024-09-09 07:08:41
533,Joshua Vang,zbass@example.net,2024-11-07 04:33:36
534,Jonathan Warner,andreadavis@gmail.com,2024-07-05 22:52:44
535,Karl Powell,montes.com,2024-10-09 23:24:16
536,Terry Snow,jennifer56@hotmail.com,2024-06-05 17:35:33
537,Maria Bridges,adamstimothy@example.net,2024-08-23 19:27:26
538,Bryan Osborne,martin.com,2024-09-09 11:52:25
539,Brianna Williams,meaton@yahoo.com,2024-08-18 15:14:47
540,Juan Ellis,bturner@example.org,2024-01-09 05:22:06
541,Karen Cruz,crawfordtimothy@yahoo.com,2024-10-15 07:15:18
542,Jasmine Webster,galvan.com,2024-07-04 03:57:36
543,Courtney Diaz,hspencer@example.net,2024-06-01 13:44:43
544,Brian Walters,rasmussen-webb.com,2024-09-16 20:02:20
545,Sandy Thompson,figueroa-garcia.com,2024-09-26 16:50:58
546,Tina Christensen,henderson-roberts.com,2024-01-02 03:39:06
547,Randall Frank,matthew50@yahoo.com,2024-03-27 16:41:32
548,Randy Giles Jr.,marshwilliam@gmail.com,2024-04-19 09:55:35
549,Jennifer Turner,curtisherbert@gmail.com,2024-04-23 16:20:05
550,Kelly Ortiz,hollyadams@example.com,2024-12-09 15:21:53
551,Amanda Mckenzie,kimberlyjohnston@example.net,2024-09-17 05:40:36
552,Sarah Johnson,hurley.com,2024-10-09 02:50:18
553,Andrew Thomas,higginspamela@yahoo.com,2024-02-06 07:06:27
554,Tommy Robinson,woodard-stanley.com,2024-08-16 10:41:29
555,Cheryl Sanders,vmccullough@gmail.com,2024-01-28 11:51:13
556,Jerome Bruce,wwoods@yahoo.com,2024-08-20 02:04:01
557,Nancy Thompson,washingtonmiranda@gmail.com,2024-07-18 21:53:58
558,Angela Johnson,spence.com,2024-05-06 07:13:54
559,Stephanie Leonard,stout-vasquez.com,2024-04-04 19:42:22
560,Monica Stevenson,hernandez-waters.com,2024-10-19 01:05:40
561,Bryan Lawrence,jonesjessica@example.net,2024-02-20 03:43:47
562,Rebecca Brown,larrysantiago@example.com,2024-05-11 23:30:40
563,Lawrence Roberts,little-cooper.com,2024-02-07 12:01:11
564,Kendra Clayton,yedwards@yahoo.com,2024-10-28 10:23:09
565,Cynthia Randolph,danielthomas@example.org,2024-03-12 23:26:24
566,Taylor Williams,colin27@example.org,2024-12-12 10:32:00
567,Daniel Mejia,holmes.com,2024-01-02 20:15:47
568,Jacqueline Nelson,austintimothy@gmail.com,2024-09-18 16:04:11
569,Frances Moore,sweber@yahoo.com,2024-07-31 23:21:09
570,Tammy Gay,bender-wu.org,2024-04-09 21:12:50
571,Katherine Hughes,katelynpatton@example.com,2024-09-06 06:34:13
572,Matthew Garrett,mcgeemichelle@hotmail.com,2024-09-04 21:05:47
573,Sara Alvarez,zcook@gmail.com,2024-07-04 07:21:21
574,Hannah Richardson,franklin.com,2024-05-12 08:26:03
575,Michael Gordon,moorerebecca@example.com,2024-02-28 23:20:33
576,Natasha Forbes,mcdowellaudrey@gmail.com,2024-09-13 02:29:39
577,Jason Washington,ashley63@example.com,2024-09-21 05:44:39
578,Patrick Andrews,uglass@hotmail.com,2024-03-29 02:31:01
579,Mr. Matthew Todd,hickslaura@example.com,2024-06-23 11:06:50
580,Jennifer Grant,caldwelljoseph@yahoo.com,2024-01-10 10:27:12
581,Wesley Velazquez,terrellseth@example.net,2024-12-21 14:42:36
582,Kelly Walker,howard-gomez.com,2024-04-25 13:52:24
583,Colin Hays,tran-meadows.com,2024-05-22 07:53:47
584,Levi Obrien,juliegray@example.net,2024-02-15 00:27:55
585,Rachel Johnson,katieclark@example.net,2024-06-01 23:57:52
586,Angel Perez,gabriel89@example.com,2024-11-09 20:00:30
587,Brittany Martinez,fjones@gmail.com,2024-09-10 04:46:31
588,Joshua West,morrow.org,2024-01-31 23:56:36
589,Patty Smith,silva.biz,2024-01-26 20:52:55
590,Nicole Arnold,rivera.com,2024-03-20 19:21:15
591,Jessica Stone,srobinson@yahoo.com,2024-06-14 23:02:09
592,Sharon Bradford,lee80@example.org,2024-10-24 07:24:34
593,Vanessa Friedman,brandonmurphy@example.net,2024-10-24 09:06:30
594,Patricia Johnson,courtney92@example.com,2024-07-28 02:21:05
595,Jose Luna,john72@yahoo.com,2024-01-12 21:24:51
596,Timothy Payne,dillon.com,2024-11-27 01:15:30
597,Teresa Stokes,mark19@yahoo.com,2024-03-22 19:32:13
598,Rebecca Griffin,lmcdowell@example.org,2024-12-06 06:21:30
599,Ray Richards,thomasdudley@yahoo.com,2024-12-18 08:48:48
600,Dawn Miller,parker.com,2024-05-18 04:33:48
601,Barbara Hendrix,brownkelli@example.net,2024-06-14 12:27:07
602,Kristen Molina,snyder.com,2024-11-18 05:26:13
603,Steven Harris,johnpreston@example.com,2024-01-04 04:06:31
604,Edward Roy,richard54@gmail.com,2024-08-29 02:45:06
605,Sean Sampson,smccall@gmail.com,2024-02-10 16:32:02
606,Kenneth Pham,stephanie13@example.net,2024-05-07 00:59:29
607,Ryan Avila,elliottjanet@gmail.com,2024-10-23 23:10:21
608,Samuel Gordon,jennifermcintyre@example.net,2024-03-03 03:39:19
609,Kathryn Miranda,chung-ferguson.com,2024-03-20 00:43:08
610,Blake Davis,woodsjonathan@hotmail.com,2024-07-21 21:45:42
611,Lindsay Santos,velazquezgary@example.com,2024-03-22 01:34:12
612,Nicole Lang,burgessmorgan@gmail.com,2024-07-17 14:57:41
613,Morgan James,mccoyangela@gmail.com,2024-07-31 05:20:58
614,Diana Guerrero,ibarra.org,2024-02-26 18:13:31
615,Gina Barron,rodriguezsabrina@hotmail.com,2024-06-20 17:35:50
616,Richard Boone,april11@example.org,2024-09-13 13:31:40
617,Tyler Rodriguez,aliciasanchez@yahoo.com,2024-12-12 14:45:56
618,Cheryl Keller,nicholas74@example.org,2024-10-15 15:59:07
619,John Decker,luis45@example.com,2024-01-13 01:15:15
620,Mark Ross,salinas.biz,2024-12-08 01:43:46
621,Ashley Alexander,marissa86@example.org,2024-02-23 14:32:09
622,Charlene Leonard,thompson.com,2024-12-11 20:16:48
623,Taylor Jones,rpeterson@hotmail.com,2024-02-13 09:22:13
624,Tracy Johnson,weber.info,2024-09-18 01:52:44
625,Amanda Delgado,trevormoore@example.com,2024-05-23 18:31:58
626,Rachael Washington,juarez-ellis.com,2024-11-23 15:15:53
627,Mary Monroe,daniellesingleton@yahoo.com,2024-05-30 04:15:29
628,Brian Freeman,brittany02@example.com,2024-01-15 18:05:54
629,Donald Jordan,vargasjennifer@gmail.com,2024-09-11 19:42:24
630,Denise Porter,hkim@hotmail.com,2024-07-03 05:07:31
631,Lorraine Garza,knapp.com,2024-11-11 10:37:33
632,William Williams,ygardner@example.com,2024-11-09 18:11:36
633,Juan Ellis,nsanders@yahoo.com,2024-08-13 09:57:17
634,Aaron Reynolds,tyler41@example.net,2024-06-05 06:58:36
635,Jacqueline Wilson,greenalejandra@hotmail.com,2024-11-23 14:55:01
636,Patrick Leonard,breanna23@gmail.com,2024-04-12 22:41:11
637,Amy Collins,elizabeth60@example.org,2024-05-03 02:11:19
638,Carl Mitchell,lewis.com,2024-09-15 08:17:41
639,Lindsey Bryant,smith.biz,2024-01-28 06:09:33
640,Jeremy Sawyer,mfitzpatrick@gmail.com,2024-04-05 05:13:04
641,James Davis,harrisjeremy@hotmail.com,2024-07-31 09:21:53
642,Douglas Byrd,whitewendy@example.com,2024-08-08 17:06:26
643,Dr. Jacob Williams MD,larrypeters@hotmail.com,2024-11-05 07:23:14
644,Jeffrey Lawrence,moody.com,2024-02-12 23:54:48
645,Brianna Freeman,markking@hotmail.com,2024-07-19 23:08:09
646,Justin Cox,millsashlee@example.com,2024-02-23 13:42:51
647,Ross Duncan,ccooper@gmail.com,2024-10-19 17:21:09
648,Carrie Larsen,rich-cruz.com,2024-04-26 01:01:54
649,Stanley Copeland,john12@example.net,2024-03-28 03:48:08
650,Margaret Collins,gardner.net,2024-04-27 18:19:44
651,James Jones,diane14@example.org,2024-01-28 00:51:17
652,Katherine Hicks,vwebb@gmail.com,2024-05-26 13:46:36
653,Audrey Johnson,john75@example.org,2024-05-14 06:45:54
654,Kelly Clayton,christianhudson@gmail.com,2024-10-16 07:38:06
655,Nicole Bray,sellersparker@gmail.com,2024-09-02 20:51:37
656,Todd Johns,kpayne@gmail.com,2024-11-09 05:31:56
657,Kelsey Valdez,zsanford@gmail.com,2024-06-16 20:25:46
658,Wendy Miller,evansjoy@example.net,2024-09-07 09:37:25
659,Robert Campbell,barrett.com,2024-01-07 09:38:41
660,Dalton Lozano,angela79@example.org,2024-12-13 15:34:53
661,Julie Smith,lynch-browning.net,2024-08-23 21:43:34
662,Hannah Wilkins,roberts.com,2024-06-09 11:09:03
663,Derrick Parrish,thomas61@example.com,2024-02-21 04:44:37
664,Jesse Sutton,janetcowan@example.com,2024-11-15 18:03:13
665,Steven Garza,frytyler@example.org,2024-08-03 23:02:36
666,Renee Dean,jason18@example.com,2024-02-06 10:03:56
667,Tanya Murray,christophergarcia@hotmail.com,2024-03-17 08:16:29
668,Susan Ray,fox.org,2024-06-09 18:53:20
669,Nicholas Alexander,djuarez@example.net,2024-02-23 16:57:39
670,Joseph Smith,tammy33@example.org,2024-08-18 18:23:01
671,Jeffrey Spence,silva.net,2024-06-19 23:07:16
672,Thomas Lewis,martinezmiranda@yahoo.com,2024-05-19 02:44:47
673,Brandi Hill,amay@yahoo.com,2024-01-02 20:40:53
674,Isaac Martinez,patrick.org,2024-07-26 10:36:32
675,Bryan Coffey,uguerrero@hotmail.com,2024-05-30 02:13:33
676,Brianna Wilson,craig67@hotmail.com,2024-04-26 21:39:18
677,Johnathan Gonzales,timothy89@hotmail.com,2024-05-16 23:52:45
678,Bradley Davis,graham.com,2024-08-05 06:29:19
679,Sarah Jackson MD,vasquez-black.com,2024-06-30 21:21:30
680,Erika Sutton,smith.com,2024-10-15 04:26:29
681,Andrea Fletcher,hansentheresa@example.org,2024-01-17 12:24:51
682,Samantha Anderson,keith01@example.net,2024-09-15 03:52:45
683,Erin Smith,glover-fletcher.com,2024-01-04 15:23:31
684,Kimberly Keller,wilson.net,2024-10-04 19:51:20
685,Jeffrey Lee,mezabilly@example.org,2024-02-26 06:18:39
686,Thomas Hines,sullivandonna@yahoo.com,2024-09-28 15:57:56
687,Bradley Anderson,tracy04@yahoo.com,2024-12-16 05:08:50
688,Sarah Price,tommygarrison@example.net,2024-08-07 01:59:00
689,Ann Blackburn MD,wood.com,2024-02-13 20:27:45
690,Pamela Smith,murphy.com,2024-04-05 12:06:15
691,Sean Jefferson,jamie60@example.com,2024-07-29 20:45:38
692,David Maldonado,phillips.com,2024-11-04 17:05:36
693,Johnathan Schneider,trice@yahoo.com,2024-09-07 09:01:59
694,Jessica Salinas,kgillespie@example.net,2024-04-12 22:14:04
695,Alyssa Bauer,bparker@hotmail.com,2024-03-12 17:51:14
696,Kaitlin Ortiz,rogersjim@yahoo.com,2024-12-10 09:00:35
697,Mark Garcia,thomaswalker@example.org,2024-10-24 21:41:50
698,Linda Wright,kbarajas@hotmail.com,2024-08-02 14:08:44
699,Michael Price,guerrero.com,2024-01-06 02:35:21
700,Benjamin Young,olsen.com,2024-05-30 22:25:07
701,Kerri Torres,kane.com,2024-06-18 13:22:07
702,Erica Herman,stevenfarrell@hotmail.com,2024-09-24 09:29:26
703,Amanda Bentley,douglas.com,2024-12-16 11:56:34
704,Robert Carpenter,troythompson@yahoo.com,2024-07-03 00:55:06
705,Anthony Parker,sanchezchristine@yahoo.com,2024-04-13 22:35:22
706,Kenneth Rodriguez,reed.com,2024-10-12 10:07:10
707,Vanessa Edwards,davidbrowning@yahoo.com,2024-03-20 20:42:34
708,Travis Patterson,christopher48@example.com,2024-07-02 22:44:04
709,David Chavez,robinson.info,2024-03-18 07:54:50
710,Maria Alvarez,lisahumphrey@example.net,2024-02-18 10:52:41
711,Wendy Vang,hunter.info,2024-03-01 05:50:52
712,Susan Hernandez,meyeredward@example.com,2024-09-30 20:15:57
713,Kimberly Fields,samanthaperez@hotmail.com,2024-09-15 05:40:02
714,Jacqueline Schneider,nguyengabriel@yahoo.com,2024-07-13 02:31:05
715,Eric Mclaughlin,brown.com,2024-10-01 14:29:20
716,Karen Medina,brandon82@hotmail.com,2024-05-27 19:44:24
717,Matthew Mclean,dylanreid@hotmail.com,2024-01-31 02:35:40
718,Michael Hernandez,ambernolan@example.net,2024-08-29 01:54:50
719,Robert Hodge,xdickerson@example.net,2024-11-02 04:25:49
720,Penny Lopez,anthonypatterson@hotmail.com,2024-01-08 01:54:41
721,Annette Kemp,hallsamuel@gmail.com,2024-02-25 19:15:51
722,Alexander West,ewingphilip@yahoo.com,2024-10-12 19:56:40
723,Margaret Burns,taylorclaire@example.com,2024-03-23 00:53:27
724,Ryan Wright,phillips-hopkins.com,2024-01-01 23:23:56
725,Steven Williams,ubruce@gmail.com,2024-05-05 13:41:04
726,Kim Dawson,hughesjames@example.com,2024-03-25 16:28:46
727,Thomas Smith,reginald82@example.net,2024-11-26 20:35:15
728,Bryan Weaver,angelavargas@hotmail.com,2024-04-30 05:32:34
729,Andrea Smith,tuckerphillip@example.org,2024-01-06 17:18:51
730,Wendy Yates,emilyroman@example.org,2024-09-07 11:39:46
731,Anthony Bryant,williamsnicole@gmail.com,2024-05-06 16:54:13
732,Tracy Davis,scott48@example.com,2024-06-02 19:11:52
733,Linda Pittman,xwise@hotmail.com,2024-10-31 00:29:21
734,Diane George,cameron-collins.biz,2024-08-06 06:07:46
735,Morgan Doyle,jeremysanchez@hotmail.com,2024-06-02 03:47:49
736,Kayla Parsons,gary85@example.net,2024-06-11 02:48:42
737,Alexis Thomas,mmoore@example.com,2024-11-18 03:35:27
738,George Benson,shanecrane@hotmail.com,2024-03-16 21:25:38
739,Gloria Brown,cohenscott@yahoo.com,2024-08-21 02:19:33
740,Jeffrey Martinez,icalhoun@gmail.com,2024-06-30 15:56:44
741,Audrey Brown,hensonderek@example.net,2024-11-15 23:05:23
742,David Moore,brooksmonica@yahoo.com,2024-07-06 06:26:37
743,Scott Gross,roblestiffany@example.net,2024-06-09 04:08:00
744,Joseph Mitchell,richard09@hotmail.com,2024-08-25 13:59:18
745,Jennifer Daniel,johnson.info,2024-02-21 20:12:49
746,Claudia Beck,patriciahernandez@example.org,2024-01-11 15:09:42
747,Michael Duncan,rstanley@gmail.com,2024-05-20 05:43:01
748,Norma Marquez,hfernandez@example.com,2024-08-20 01:35:06
749,Gabrielle Clark,gutierrez.net,2024-06-12 13:32:43
750,Jeremy Graham,christopherho@hotmail.com,2024-05-03 02:34:54
751,Maria Robbins,sclark@hotmail.com,2024-10-25 12:50:49
752,Brian Garcia,mitchell.com,2024-04-26 12:32:55
753,Tonya Hayes,elizabeth01@example.org,2024-10-26 06:11:28
754,Brandy Campbell,wilcox.com,2024-02-08 21:59:27
755,Jennifer Holmes,gilbert.com,2024-04-07 07:46:43
756,Lisa Garrett,stanleytaylor@example.org,2024-11-17 11:46:13
757,Ernest Brown,katie46@example.com,2024-01-28 13:32:28
758,Thomas Walsh,brucetimothy@yahoo.com,2024-08-17 00:39:29
759,Debbie Wilson,hall.net,2024-06-19 13:59:29
760,Brian Glass,eric79@hotmail.com,2024-01-18 02:55:50
761,Gabrielle Ruiz,warrenwilson@example.net,2024-01-23 13:00:58
762,Michael Gonzalez,mitchell-huber.com,2024-03-13 04:29:12
763,Kyle Delgado,priceashley@yahoo.com,2024-02-25 14:11:22
764,Mckenzie Rivas,johns-anderson.info,2024-05-23 06:36:47
765,Dennis Davidson,christopherrivera@example.net,2024-08-21 03:39:41
766,Kevin Strong,roberta44@hotmail.com,2024-04-02 16:43:26
767,Joel Bailey,nicholas53@example.net,2024-10-07 11:20:48
768,Derrick Gutierrez,riveraandrea@gmail.com,2024-08-26 22:12:47
769,Daniel Hayes,michaelkoch@gmail.com,2024-01-12 07:00:26
770,Derek Young,anderson-taylor.com,2024-07-04 14:01:19
771,Lisa Miller,reed.biz,2024-04-26 19:03:32
772,Eric Thomas,paularichardson@example.com,2024-02-02 02:33:09
773,Felicia Wilson,scott.com,2024-08-30 05:47:05
774,Michael Torres,hebert.net,2024-11-02 18:25:35
775,Ryan Orozco,miller.org,2024-06-10 08:15:42
776,Bradley May,mcguire-jacobs.com,2024-05-15 14:45:07
777,Holly Hardy,matthew50@gmail.com,2024-06-28 14:46:04
778,Jacob Gregory,warner.com,2024-07-15 02:00:56
779,Antonio Baldwin,rdavis@example.org,2024-09-14 22:57:53
780,Cory Johnson,washington.com,2024-04-14 10:30:59
781,Thomas Collins,larsonjacob@example.org,2024-06-10 17:33:43
782,Jasmine Patterson,april94@yahoo.com,2024-11-01 08:05:44
783,Michael Reed,chavezpaul@yahoo.com,2024-08-05 13:42:55
784,Paula Jackson,anderson.info,2024-07-02 08:06:13
785,Richard Garcia,miller.com,2024-06-12 10:12:40
786,Alexander Martin,danielcharles@yahoo.com,2024-06-23 05:08:10
787,Alec Harris,stewart-simpson.com,2024-04-27 19:24:29
788,Ashley Graham,brian25@example.net,2024-05-21 16:38:55
789,Kenneth Taylor,vincentreynolds@example.net,2024-01-20 10:41:25
790,Kevin Weber,sbaxter@example.org,2024-07-07 17:07:25
791,David Jones,thomas-smith.com,2024-03-16 21:13:40
792,Henry Stevens,mramirez@example.org,2024-10-12 11:14:54
793,Dr. Erik Barrett Jr.,carr-stokes.biz,2024-01-27 10:50:25
794,Mary Garcia,page.com,2024-06-30 04:09:03
795,Terry Williams,pham.com,2024-01-04 17:13:48
796,Katie Li,francojanice@hotmail.com,2024-01-04 07:40:21
797,Sarah Smith,jonathanmiller@yahoo.com,2024-03-06 22:06:42
798,Adam Martin,griffin.com,2024-03-29 12:01:06
799,Billy Mason,clarson@example.org,2024-08-01 16:19:52
800,Laura Bean,rollins-kane.info,2024-03-27 04:32:45
801,Robin Young,lewisvictoria@yahoo.com,2024-11-20 12:08:07
802,Cody Herrera,delgado-hurst.org,2024-09-06 08:05:32
803,Donald Lopez,tylerstuart@example.net,2024-10-25 17:26:14
804,Alicia Bishop,cindywalker@example.org,2024-01-08 19:16:24
805,James Ellis,hoffman.info,2024-10-08 05:51:40
806,Shelby Roberts,robertrodriguez@yahoo.com,2024-04-07 07:39:56
807,Deanna Garcia,debra26@yahoo.com,2024-07-16 21:09:28
808,Lisa Long,isimpson@example.net,2024-05-07 00:47:42
809,Alejandro Walker,woods.biz,2024-01-05 21:12:29
810,Angela Castillo,rmendez@example.com,2024-04-27 21:06:14
811,Jacob Lindsey,courtneyli@example.org,2024-02-05 07:48:00
812,Lisa Jones,steven83@example.net,2024-07-04 10:56:16
813,Suzanne Barker,patrick47@hotmail.com,2024-01-13 07:49:21
814,Amber Powell,riley-murphy.com,2024-05-04 10:02:06
815,William Taylor,acook@example.org,2024-04-25 05:08:19
816,Anthony Jackson,billy79@example.org,2024-02-20 04:16:05
817,Robert Mccann,goodmanvanessa@example.org,2024-04-28 12:27:33
818,Vincent Ortiz,jorgealexander@example.com,2024-05-10 09:35:16
819,Julie Murphy,marksjohn@example.net,2024-07-12 18:35:40
820,Andrea Johnson,young.com,2024-11-14 17:50:37
821,Catherine Brown,wilsonandrea@yahoo.com,2024-09-30 19:31:20
822,Karen Sanchez,cgray@example.com,2024-08-26 01:22:50
823,Carol Martinez,brentcrosby@example.org,2024-09-24 19:51:05
824,Miranda Poole MD,wwilliams@hotmail.com,2024-04-14 08:58:33
825,Crystal Roach,edwardsjeffrey@example.org,2024-03-16 15:12:14
826,Shannon Hayes,landerson@hotmail.com,2024-09-05 00:17:07
827,Ronald Harvey,solis.com,2024-03-07 17:40:41
828,Nancy Griffin,davissherry@gmail.com,2024-04-30 22:09:37
829,Hannah Mendez,mejia.com,2024-03-17 10:04:12
830,Adam Li,white.com,2024-08-26 09:25:13
831,Amanda James,vasquez.com,2024-07-16 03:02:52
832,Jacqueline Peterson,alexandercollins@example.com,2024-06-30 12:03:56
833,Rachel Jones,butler.com,2024-08-07 10:13:13
834,Scott Marsh DVM,rodriguez-pitts.org,2024-11-15 07:00:46
835,Timothy Vaughan,brandonjacobs@yahoo.com,2024-03-02 17:09:02
836,Jerome Burke,ortiz.com,2024-01-27 12:29:32
837,Benjamin Shaw,yjohnson@hotmail.com,2024-03-07 15:20:58
838,Timothy Chen,usimmons@hotmail.com,2024-02-13 15:47:08
839,Mr. Benjamin Waters DVM,long.biz,2024-01-21 01:52:20
840,Hannah Rogers,andrewilliams@yahoo.com,2024-09-29 08:45:46
841,Michael Rose,johnson.com,2024-04-20 08:20:12
842,Joshua Hess,matthew77@example.com,2024-09-24 17:07:08
843,Mary Valentine,qlee@hotmail.com,2024-09-15 12:38:10
844,Joseph Lopez,fowlerjames@example.org,2024-08-14 23:59:18
845,Brandon Webb,boyerrachel@hotmail.com,2024-11-03 04:29:07
846,Edward Young,alexandra21@hotmail.com,2024-05-22 17:10:04
847,April Harmon,leahhernandez@gmail.com,2024-05-23 14:16:53
848,Lisa Carroll,michellesantos@hotmail.com,2024-08-09 09:30:09
849,Max Perry,john92@yahoo.com,2024-08-06 21:45:36
850,Michael Gilbert,jennifersmith@example.org,2024-10-03 14:26:11
851,Matthew Daniels,perez-thompson.com,2024-10-06 00:34:34
852,Ricardo Johnson,jessica93@hotmail.com,2024-10-20 12:56:45
853,Ryan Howell,tylermary@gmail.com,2024-09-13 16:52:00
854,Heather Parker,ahamilton@example.net,2024-02-11 03:27:56
855,Gregory Sanders,brianrussell@hotmail.com,2024-09-08 21:21:09
856,John Blanchard,west.net,2024-04-04 21:26:30
857,Angela Flores,carlson-keller.net,2024-04-30 16:26:40
858,April Long,duffy.com,2024-04-30 21:13:19
859,David Harding,cohen.com,2024-04-28 18:50:25
860,Kim Newman,nrivas@gmail.com,2024-02-28 15:04:48
861,Brittany Lopez,christopherjackson@example.net,2024-05-05 01:44:01
862,Mrs. Michelle Fox,deborah73@example.org,2024-04-03 23:29:52
863,Samantha Li,ycunningham@example.org,2024-12-19 14:15:09
864,Dawn Anderson,lyons-burke.com,2024-04-02 06:33:07
865,Shawn Williamson,shawnmiller@example.com,2024-10-14 08:49:24
866,Craig Smith,gmeyer@yahoo.com,2024-10-07 21:33:42
867,Dr. Steven Duran,johnson.com,2024-01-08 11:09:28
868,Stacie Barton,nicole55@example.com,2024-06-06 04:48:11
869,Patricia Anthony,harperjames@hotmail.com,2024-05-13 22:33:53
870,Jim Hill,brandi03@example.org,2024-06-06 07:16:00
871,Mathew Hughes,perezmonica@example.org,2024-12-04 14:33:10
872,William Lee,qmartin@hotmail.com,2024-06-12 04:58:10
873,Curtis Wilson,cameronwilliams@example.org,2024-04-17 11:42:02
874,Ryan Wright,ray.net,2024-05-18 18:14:23
875,Dave Wells,deleon-johnson.com,2024-05-22 11:17:50
876,Amanda Barber,robinson.com,2024-11-14 12:36:03
877,Kathryn Anderson,smith-higgins.org,2024-02-26 02:13:04
878,Elizabeth Baker,theresa07@gmail.com,2024-01-24 03:46:16
879,Thomas Martinez,bennett.info,2024-05-17 19:38:22
880,Melinda Pennington,heather04@example.com,2024-12-08 00:45:01
881,Mr. Marc Williams,elizabethwhite@example.net,2024-10-09 14:09:08
882,John James,kmiller@example.org,2024-09-24 04:23:07
883,Adam Erickson,walsh-conner.org,2024-07-23 12:27:07
884,Sean Chaney,nsanchez@example.com,2024-03-02 15:25:18
885,Andrew Barnes,lisa64@hotmail.com,2024-03-15 05:27:17
886,Alexandra Gonzales,fuller.com,2024-09-20 17:25:34
887,Kimberly Warner,branchtammy@example.net,2024-07-19 13:35:06
888,Cody Wagner,michael43@example.org,2024-03-23 11:50:15
889,Kristin Cox,april27@gmail.com,2024-09-17 11:50:47
890,Elizabeth Keller,jrodriguez@example.net,2024-07-10 04:59:47
891,Sergio Valencia,kimberlysilva@example.org,2024-03-07 10:32:20
892,Joseph Simmons,williamgilmore@example.org,2024-01-02 00:27:05
893,Pamela Mccarthy,tevans@hotmail.com,2024-02-15 07:05:02
894,Betty Atkins,areyes@example.org,2024-11-27 22:03:25
895,Sheri Gonzalez,thomashorne@hotmail.com,2024-04-27 13:29:22
896,Laura Olson,kathleensmith@example.net,2024-11-26 13:08:29
897,Cheryl Robinson,hebert.biz,2024-11-20 14:45:21
898,Angelica Lewis,kklein@yahoo.com,2024-03-05 09:25:53
899,Rodney Ward,matthewrobbins@example.com,2024-08-16 06:14:31
900,Carrie Riley,elizabeth14@hotmail.com,2024-04-27 00:36:06
901,George Stevenson,carter.com,2024-10-16 00:53:17
902,Suzanne Hall,amytorres@gmail.com,2024-01-28 02:01:04
903,Jason Robinson,derek99@example.net,2024-02-25 11:23:49
904,Kathleen Martin,jones-short.info,2024-05-05 23:43:58
905,Lisa Jones,ocook@example.org,2024-02-16 12:15:33
906,Stephanie Boone,villa.com,2024-05-13 02:03:30
907,Douglas Jackson,ann75@gmail.com,2024-10-15 21:41:45
908,Mark Washington,wells-thomas.info,2024-10-11 18:19:37
909,Kenneth Myers,johnlamb@example.net,2024-12-02 08:32:37
910,Michael Cline,reyeskevin@example.com,2024-01-29 16:08:42
911,Harold Richardson,dorothyadams@hotmail.com,2024-09-30 04:18:53
912,David Wood,krivas@hotmail.com,2024-05-12 14:29:28
913,Anthony Smith,scott.net,2024-01-03 09:20:35
914,Stacey Little,brendavillanueva@hotmail.com,2024-03-06 15:40:55
915,Christopher Anderson,young.com,2024-01-15 01:19:53
916,James Nguyen,michaelreese@hotmail.com,2024-09-15 00:29:41
917,James Bradley,campbell.net,2024-07-29 09:47:44
918,Carmen Mccarthy MD,allen37@gmail.com,2024-10-01 03:52:24
919,Alyssa Beck,ericcase@example.org,2024-02-23 04:07:13
920,Douglas Moreno,sanchez-murphy.com,2024-06-06 11:26:02
921,Ryan Olsen,pjohnson@example.org,2024-02-05 18:37:55
922,Debra Gonzales,ramirezyolanda@hotmail.com,2024-10-14 23:25:18
923,Ronald Lambert,sandracole@yahoo.com,2024-09-15 01:44:37
924,Adrian Meyer,gallowaycrystal@gmail.com,2024-06-16 22:13:20
925,David Leach,sboyd@example.net,2024-10-20 06:21:40
926,Sherry Hernandez,heidi94@example.org,2024-08-04 00:12:35
927,Christopher Schwartz,samuelbutler@hotmail.com,2024-02-27 04:19:32
928,Holly Moreno,mcknightsheena@example.com,2024-01-01 20:14:04
929,Anne Howard,goodwingloria@example.org,2024-02-24 04:39:45
930,Nancy Reyes,moniqueclay@gmail.com,2024-01-05 19:37:23
931,Craig Bass,hollyjohnson@example.org,2024-10-24 10:16:52
932,Erika Mitchell,henry-shelton.com,2024-07-09 08:35:44
933,Billy Mills,tyler54@yahoo.com,2024-09-30 16:59:55
934,Rachel Khan,carlsonjason@example.net,2024-08-30 21:29:02
935,Sarah Vaughn,sturner@example.net,2024-05-26 09:18:26
936,Brian Munoz,simmons-perez.com,2024-10-22 14:40:51
937,Larry Green,okey@example.com,2024-11-24 17:48:28
938,Maria Anderson,moreno.info,2024-11-11 06:22:50
939,Vanessa Byrd,mcclain.com,2024-05-29 06:54:52
940,Amy Mejia,johnsonamanda@example.net,2024-12-21 11:49:53
941,William Wright,lwright@hotmail.com,2024-06-07 02:34:01
942,John White,margaret26@example.com,2024-12-19 12:38:30
943,Donald Moore,christopherflores@gmail.com,2024-10-12 17:47:01
944,Deborah David,christopherromero@yahoo.com,2024-10-12 12:24:40
945,Peggy Nguyen,mark80@gmail.com,2024-11-28 11:17:09
946,Michael Russell,michelle30@example.org,2024-09-10 18:42:06
947,Steven Parker,simon.info,2024-08-06 05:06:33
948,Daniel Grimes,tammy66@example.org,2024-04-17 20:46:26
949,Christine Hogan,holmes.biz,2024-07-10 02:06:00
950,Nicole Flynn,millerdanielle@example.org,2024-03-30 23:13:44
951,Alan Colon,christopherfitzgerald@example.net,2024-01-02 02:34:00
952,Kevin Robinson MD,douglas.net,2024-11-14 14:58:41
953,Peter Franco,teresa71@yahoo.com,2024-01-08 23:44:12
954,Kathleen Peterson,leonsara@gmail.com,2024-06-06 19:22:16
955,Renee Harmon,love-smith.net,2024-09-22 23:19:34
956,Shawna Taylor,nkaufman@example.com,2024-11-14 12:45:50
957,Pamela Hatfield,smith-kelly.biz,2024-10-03 13:30:19
958,Megan Spears,vquinn@example.com,2024-08-20 00:00:03
959,Alexandra Frye,jasonscott@hotmail.com,2024-06-05 04:48:36
960,Krystal Finley,amyerickson@example.org,2024-02-08 23:19:04
961,Antonio Simmons,amberacevedo@yahoo.com,2024-10-20 21:25:48
962,Frederick Garrett,snyder.com,2024-01-24 08:58:26
963,Christine Harrison,radams@example.org,2024-01-27 08:44:50
964,Judith Harris,valenzuela-snyder.org,2024-12-09 16:38:50
965,Jacob Hardy,duranlaura@yahoo.com,2024-10-24 16:16:50
966,Justin Nichols,sandra50@hotmail.com,2024-11-01 06:51:59
967,Michael Jones,jacquelinejackson@example.net,2024-10-12 01:39:40
968,Joshua Conway,vanessamoore@example.com,2024-10-09 22:30:40
969,Michael Reynolds MD,taylor99@yahoo.com,2024-10-30 12:14:51
970,Andrew Garcia,ambergarcia@example.net,2024-07-10 01:34:00
971,Mindy Best,allen.com,2024-03-03 16:12:33
972,Ashley Delacruz,case-gregory.info,2024-05-12 15:49:24
973,Carla Lopez,stewart.net,2024-08-10 23:11:47
974,Jessica Warner,martinezshirley@example.org,2024-10-06 23:35:04
975,Tammy Stevens,smithshelby@example.net,2024-09-30 00:46:34
976,Emily Nichols,murphy.com,2024-06-08 13:30:09
977,Kevin Brooks,mills-johnson.org,2024-08-20 14:31:26
978,Jonathan Nunez,williams.com,2024-06-11 20:47:12
979,Joseph Martinez,pcarey@gmail.com,2024-06-11 03:58:01
980,Jennifer Stevens,qgutierrez@gmail.com,2024-02-21 10:03:39
981,Elizabeth Williams,clarkbrendan@gmail.com,2024-07-22 11:54:01
982,Tyler Mason,charles.com,2024-10-03 13:51:33
983,Antonio Jenkins,meza-grant.org,2024-05-04 15:23:35
984,David Ellison,rodriguezpatrick@gmail.com,2024-12-09 08:37:48
985,Scott Casey,irwin.org,2024-01-04 16:58:48
986,David Hughes,hwashington@gmail.com,2024-05-17 22:19:44
987,Jennifer Baxter,randydavis@example.net,2024-06-20 23:57:06
988,Victoria Kaiser,peterson.com,2024-10-29 10:33:00
989,Randall Mcclain,zdouglas@gmail.com,2024-02-05 22:47:14
990,Alicia Rodriguez,chavez.biz,2024-07-04 18:25:02
991,Connor Burton,smith.net,2024-12-19 22:39:20
992,Lisa Vargas,contreras.net,2024-08-06 09:46:48
993,Duane Gonzales,gomez.com,2024-10-02 05:27:54
994,Dustin Carrillo,lindseysmith@example.com,2024-07-03 11:03:33
995,Catherine Evans,roberts.info,2024-04-04 04:37:38
996,Kendra Deleon,qbailey@example.net,2024-05-11 07:53:50
997,William Webb,eugenenichols@hotmail.com,2024-03-25 17:24:11
998,Julie Mcgee,mary20@yahoo.com,2024-03-24 13:33:40
999,Earl Marshall,marythomas@example.org,2024-06-13 20:36:16
1000,Eric Harris,tran.com,2024-03-16 15:10:53
1001,Misty Patel,jaygreen@yahoo.com,2024-06-19 21:19:58
