user_id,name,email,signup_date,domain
4,Manuel Cisneros,michael72@gmail.com,2024-04-20,gmail.com
5,Stephen Rhodes,colemanterri@hotmail.com,2024-07-21,hotmail.com
6,Jennifer Welch,agonzalez@hotmail.com,2024-10-24,hotmail.com
7,Adrian Howard,cdavis@yahoo.com,2024-10-20,yahoo.com
9,Valerie Montgomery,erikacarter@yahoo.com,2024-01-05,yahoo.com
10,Marc Sanchez,william06@gmail.com,2024-05-05,gmail.com
15,Andrew Rodriguez,zburns@gmail.com,2024-02-13,gmail.com
19,Joseph Stevens,dennis66@hotmail.com,2024-05-08,hotmail.com
20,Tyler Rios,ycruz@hotmail.com,2024-07-07,hotmail.com
21,Ronald Montgomery,laurie88@gmail.com,2024-03-15,gmail.com
23,Melissa Smith,andrew51@hotmail.com,2024-02-17,hotmail.com
24,Thomas Murphy,ylewis@hotmail.com,2024-05-08,hotmail.com
25,Joel Martin,rebeccajoyce@yahoo.com,2024-06-27,yahoo.com
33,Catherine Williams,rodneymitchell@hotmail.com,2024-07-16,hotmail.com
34,Heidi Archer,stephanie89@yahoo.com,2024-08-08,yahoo.com
35,Janice Armstrong,rbennett@hotmail.com,2024-02-09,hotmail.com
39,Derrick Kelly,aprilturner@gmail.com,2024-04-15,gmail.com
45,Jennifer Evans,michelle91@yahoo.com,2024-07-23,yahoo.com
50,Suzanne Leonard,xlutz@hotmail.com,2024-01-02,hotmail.com
51,Angela Knight,milleralison@yahoo.com,2024-01-24,yahoo.com
53,Clifford Mcdowell,kristinamalone@gmail.com,2024-01-13,gmail.com
54,Daniel Jones,whitetara@yahoo.com,2024-06-15,yahoo.com
56,Christine Ferguson,shawnalee@gmail.com,2024-01-18,gmail.com
60,Bruce Bruce,pramsey@gmail.com,2024-03-09,gmail.com
62,Michael Wells,jacquelinehancock@hotmail.com,2024-10-31,hotmail.com
63,Valerie Carpenter,valeriechang@hotmail.com,2024-02-11,hotmail.com
66,Jordan Salazar,sandra35@hotmail.com,2024-07-25,hotmail.com
67,Michelle Reid,patricia12@hotmail.com,2024-09-08,hotmail.com
71,John Soto,brandywarren@yahoo.com,2024-07-15,yahoo.com
75,Antonio Smith,gonzalezmaria@hotmail.com,2024-10-16,hotmail.com
80,Jonathan Cook,millerthomas@yahoo.com,2024-08-28,yahoo.com
86,Ruth Munoz,murphysuzanne@yahoo.com,2024-01-16,yahoo.com
87,Christine Manning,carol23@gmail.com,2024-01-04,gmail.com
90,Arthur Mason,xwolfe@hotmail.com,2024-06-16,hotmail.com
91,Amber Smith,jimenezdaniel@yahoo.com,2024-06-01,yahoo.com
92,Patricia Williams,pamelalucas@yahoo.com,2024-02-19,yahoo.com
96,Nicholas Kline,sarahwilliams@gmail.com,2024-11-03,gmail.com
97,Savannah Johnson,gmcfarland@yahoo.com,2024-01-27,yahoo.com
98,Karen Craig,nbush@yahoo.com,2024-01-21,yahoo.com
99,Caitlyn Ryan,mario20@hotmail.com,2024-07-08,hotmail.com
103,Stephanie Parsons,kristifloyd@yahoo.com,2024-11-27,yahoo.com
107,Julie Mora,brandi68@yahoo.com,2024-06-15,yahoo.com
116,Ethan Gibson II,dhorton@yahoo.com,2024-08-06,yahoo.com
117,Mark Vang,davidwilliams@hotmail.com,2024-01-11,hotmail.com
120,Allen Casey,dennis33@gmail.com,2024-11-10,gmail.com
122,Michelle Miller,holly02@gmail.com,2024-01-23,gmail.com
126,Mark Walter,jamescarpenter@hotmail.com,2024-07-03,hotmail.com
127,Christina Smith,eddie37@yahoo.com,2024-03-09,yahoo.com
129,Joshua King,michelle68@hotmail.com,2024-10-11,hotmail.com
137,Jennifer Roberts,marshmichelle@hotmail.com,2024-01-25,hotmail.com
144,Jonathan Joseph,patricia94@hotmail.com,2024-02-10,hotmail.com
146,Jessica Kelly,vzavala@yahoo.com,2024-10-10,yahoo.com
147,Wendy Tyler,luiswilson@hotmail.com,2024-04-03,hotmail.com
149,Michele Lara,lisaprice@yahoo.com,2024-08-26,yahoo.com
152,Gregory Novak,loripeterson@yahoo.com,2024-04-03,yahoo.com
153,Timothy Wilson,melaniewilliamson@yahoo.com,2024-03-05,yahoo.com
154,Robin Williams,katherineliu@hotmail.com,2024-05-30,hotmail.com
156,Jessica Hurley,karen56@hotmail.com,2024-10-19,hotmail.com
158,Cindy Gill,hillwendy@gmail.com,2024-03-10,gmail.com
160,Becky Perry,david88@hotmail.com,2024-07-26,hotmail.com
163,Brett Wood,kiddelizabeth@hotmail.com,2024-12-10,hotmail.com
175,Crystal Bailey,teresa53@gmail.com,2024-09-26,gmail.com
179,Stephanie Briggs,vhouston@yahoo.com,2024-05-15,yahoo.com
180,Dr. Kristin Carpenter DDS,ibarrapamela@gmail.com,2024-02-17,gmail.com
186,Eric White,msullivan@yahoo.com,2024-01-16,yahoo.com
189,Kevin Velasquez,beth96@hotmail.com,2024-09-19,hotmail.com
190,Richard Huerta,coxraymond@hotmail.com,2024-02-04,hotmail.com
192,Adam Evans,angela11@gmail.com,2024-10-14,gmail.com
198,Leslie Patrick,efischer@hotmail.com,2024-03-19,hotmail.com
203,David Thomas,reneegreene@yahoo.com,2024-04-07,yahoo.com
204,Brooke Dixon,douglas64@gmail.com,2024-05-27,gmail.com
209,Danielle Gray,lauracampbell@hotmail.com,2024-09-26,hotmail.com
215,Erin Aguirre,tpage@yahoo.com,2024-07-25,yahoo.com
216,Patrick Williams,edwin72@gmail.com,2024-10-30,gmail.com
217,Kyle Taylor,robertselizabeth@yahoo.com,2024-02-19,yahoo.com
218,Mark Hanson,zachary10@yahoo.com,2024-07-26,yahoo.com
221,Nancy Benitez,elliottpamela@hotmail.com,2024-08-08,hotmail.com
226,Christina Conner,elizabethzuniga@hotmail.com,2024-04-25,hotmail.com
227,Brian Smith,harrisjeffrey@gmail.com,2024-11-19,gmail.com
233,Amanda Le,williamsjames@gmail.com,2024-03-31,gmail.com
238,Diane Estrada,mwagner@gmail.com,2024-03-18,gmail.com
239,Isaiah Henry,josewallace@hotmail.com,2024-10-06,hotmail.com
241,Antonio Warren,ellisvincent@yahoo.com,2024-01-13,yahoo.com
246,Joanna Malone,kyle14@hotmail.com,2024-06-19,hotmail.com
249,Cynthia Cole,chrispacheco@gmail.com,2024-03-02,gmail.com
254,Melissa Jacobs,wilsonwilliam@hotmail.com,2024-05-01,hotmail.com
255,Jennifer Ramirez,anthony63@hotmail.com,2024-03-19,hotmail.com
259,Alexis Hughes,mollybruce@yahoo.com,2024-02-09,yahoo.com
267,Dillon Manning,nwashington@hotmail.com,2024-02-08,hotmail.com
273,Kelsey Leach,bking@gmail.com,2024-05-05,gmail.com
275,Monica Garcia,amanda69@yahoo.com,2024-09-30,yahoo.com
278,Jaime Hickman,lindsey27@yahoo.com,2024-01-31,yahoo.com
284,Justin Bennett,gabriel27@yahoo.com,2024-06-24,yahoo.com
286,Kari Daugherty,holly72@yahoo.com,2024-08-23,yahoo.com
293,Hannah Navarro,amyjohnson@gmail.com,2024-08-28,gmail.com
302,Rachel Ali,pbonilla@hotmail.com,2024-09-20,hotmail.com
303,Suzanne Mosley,meredithsmith@yahoo.com,2024-09-08,yahoo.com
305,Michelle Chan,cynthiamoore@yahoo.com,2024-05-05,yahoo.com
313,Diana Johnson,melissa44@yahoo.com,2024-02-25,yahoo.com
318,Sarah Rose,hughesrhonda@hotmail.com,2024-11-02,hotmail.com
320,Elaine Davenport,erinmiller@yahoo.com,2024-05-15,yahoo.com
321,Garrett Davis MD,ihill@hotmail.com,2024-05-19,hotmail.com
325,Nicholas Lee,rebeccamendez@yahoo.com,2024-08-12,yahoo.com
327,Julie Jones,millerdillon@gmail.com,2024-11-24,gmail.com
328,Joseph Campbell,vvargas@hotmail.com,2024-06-18,hotmail.com
331,Joseph Hogan,elizabeth37@yahoo.com,2024-11-14,yahoo.com
332,Shannon Patterson,lcarson@gmail.com,2024-08-12,gmail.com
334,Tyler Hunt,jennifer62@hotmail.com,2024-08-10,hotmail.com
338,Ms. Molly Williams,iwalker@hotmail.com,2024-10-03,hotmail.com
339,Mia Ware,mathewsadam@yahoo.com,2024-10-14,yahoo.com
341,Jennifer Jones,marisa15@gmail.com,2024-06-17,gmail.com
342,Stephanie Joseph,donaldpaul@gmail.com,2024-05-10,gmail.com
344,Whitney Gonzalez,joseph10@hotmail.com,2024-04-22,hotmail.com
347,Christian Powell,melissa82@yahoo.com,2024-06-30,yahoo.com
349,Vanessa Wilson,andersonshari@gmail.com,2024-07-09,gmail.com
350,Mariah Rivers,friedmanmichele@yahoo.com,2024-10-22,yahoo.com
351,David Collins,michaelmartin@hotmail.com,2024-03-25,hotmail.com
352,Chris Brown,matthewwilliams@hotmail.com,2024-04-09,hotmail.com
354,Larry Eaton,samuel62@hotmail.com,2024-06-24,hotmail.com
355,Candace Martinez,davidpaul@hotmail.com,2024-03-01,hotmail.com
356,Morgan Johnson,christinemartin@yahoo.com,2024-07-25,yahoo.com
359,David Turner,brianrojas@gmail.com,2024-03-18,gmail.com
362,Nancy Austin,nicholashunt@yahoo.com,2024-10-02,yahoo.com
364,Holly Rodriguez,ecarter@hotmail.com,2024-12-10,hotmail.com
367,Jennifer Good,matthew64@yahoo.com,2024-04-22,yahoo.com
369,Christopher Brooks,renee56@hotmail.com,2024-07-13,hotmail.com
372,Jon Snyder,aterry@gmail.com,2024-02-27,gmail.com
377,Mckenzie Lopez,denisegrant@yahoo.com,2024-11-02,yahoo.com
378,Greg Mcclain,trosario@gmail.com,2024-02-04,gmail.com
379,Daniel Hill,englishcharles@yahoo.com,2024-05-06,yahoo.com
380,Kimberly Scott,travis07@gmail.com,2024-10-27,gmail.com
386,Gwendolyn Holt MD,klinerobert@hotmail.com,2024-09-27,hotmail.com
388,Pamela Rodgers,james81@yahoo.com,2024-07-19,yahoo.com
389,Jennifer Hunt,christophermurphy@yahoo.com,2024-08-24,yahoo.com
390,George Lawrence,tammy58@gmail.com,2024-01-22,gmail.com
392,Joseph Young,jessicaortiz@yahoo.com,2024-02-09,yahoo.com
393,Edwin Campbell,james79@hotmail.com,2024-04-15,hotmail.com
394,Laura King DDS,jeremyreyes@gmail.com,2024-11-04,gmail.com
399,Adam Stanley,vjohnston@gmail.com,2024-06-18,gmail.com
404,Michele Burke,sean52@gmail.com,2024-03-14,gmail.com
414,Glenn Jordan,justinrogers@yahoo.com,2024-01-30,yahoo.com
415,Brittney Guzman,higginsjennifer@yahoo.com,2024-10-01,yahoo.com
419,Christopher Medina,bboyer@hotmail.com,2024-11-08,hotmail.com
420,Mark Vaughn,zcrawford@gmail.com,2024-01-06,gmail.com
421,Erica Mcmahon MD,santosanthony@hotmail.com,2024-03-09,hotmail.com
429,Kelli Floyd,yangsean@hotmail.com,2024-08-19,hotmail.com
430,Adam Stephens,heatherstokes@gmail.com,2024-04-24,gmail.com
433,James Smith,amandapatrick@hotmail.com,2024-04-13,hotmail.com
435,Austin Baldwin,kathleenleonard@gmail.com,2024-07-15,gmail.com
439,Helen Jones,davistiffany@yahoo.com,2024-08-11,yahoo.com
442,Lisa Rodriguez,darcher@hotmail.com,2024-01-13,hotmail.com
444,Kayla Larson,dgarcia@yahoo.com,2024-04-16,yahoo.com
449,Heather Day,sandovaljennifer@gmail.com,2024-04-18,gmail.com
450,Christina Doyle,anthony58@gmail.com,2024-01-09,gmail.com
452,Tara Gray,stephanie32@yahoo.com,2024-11-15,yahoo.com
454,Alan Holmes,daniel55@hotmail.com,2024-07-19,hotmail.com
455,Ann Moody,ericowens@gmail.com,2024-07-17,gmail.com
458,Michael Wilson,fparker@hotmail.com,2024-11-02,hotmail.com
461,Ronald Cooper,amanda11@yahoo.com,2024-08-25,yahoo.com
468,Austin Stuart,jessica08@hotmail.com,2024-01-23,hotmail.com
469,Craig Smith,fespinoza@hotmail.com,2024-05-09,hotmail.com
470,Veronica Johnson,ryanbrooks@hotmail.com,2024-03-20,hotmail.com
477,Christina Delgado,patricia11@gmail.com,2024-08-10,gmail.com
478,Melissa Washington,tiffany57@gmail.com,2024-04-10,gmail.com
479,Kelly Gardner,justin47@yahoo.com,2024-05-24,yahoo.com
481,Sara Dominguez,egentry@gmail.com,2024-10-06,gmail.com
482,John Flores,fromero@hotmail.com,2024-08-14,hotmail.com
494,Mariah Downs,myerschristopher@yahoo.com,2024-03-07,yahoo.com
497,Joseph Lopez,boothmargaret@yahoo.com,2024-02-24,yahoo.com
502,Steven Palmer,andrecole@hotmail.com,2024-09-29,hotmail.com
505,Shawn Johnson,keithdean@yahoo.com,2024-02-04,yahoo.com
508,David Petersen,browningalec@hotmail.com,2024-08-30,hotmail.com
509,Marie Lewis,claytonjamie@hotmail.com,2024-05-15,hotmail.com
510,Sandra Villegas,newmanchristina@gmail.com,2024-10-23,gmail.com
513,Christian Foster,carrieburke@hotmail.com,2024-01-19,hotmail.com
516,Michael Carter,leetyler@gmail.com,2024-06-22,gmail.com
519,Kim Miller,brendawilliams@yahoo.com,2024-05-09,yahoo.com
522,Adam Avery,tylergraves@hotmail.com,2024-09-26,hotmail.com
524,Nicole Smith,michael25@gmail.com,2024-11-30,gmail.com
530,Connie Le,sylvia45@hotmail.com,2024-06-13,hotmail.com
534,Jonathan Warner,andreadavis@gmail.com,2024-07-05,gmail.com
536,Terry Snow,jennifer56@hotmail.com,2024-06-05,hotmail.com
539,Brianna Williams,meaton@yahoo.com,2024-08-18,yahoo.com
541,Karen Cruz,crawfordtimothy@yahoo.com,2024-10-15,yahoo.com
547,Randall Frank,matthew50@yahoo.com,2024-03-27,yahoo.com
548,Randy Giles Jr.,marshwilliam@gmail.com,2024-04-19,gmail.com
549,Jennifer Turner,curtisherbert@gmail.com,2024-04-23,gmail.com
553,Andrew Thomas,higginspamela@yahoo.com,2024-02-06,yahoo.com
555,Cheryl Sanders,vmccullough@gmail.com,2024-01-28,gmail.com
556,Jerome Bruce,wwoods@yahoo.com,2024-08-20,yahoo.com
557,Nancy Thompson,washingtonmiranda@gmail.com,2024-07-18,gmail.com
564,Kendra Clayton,yedwards@yahoo.com,2024-10-28,yahoo.com
568,Jacqueline Nelson,austintimothy@gmail.com,2024-09-18,gmail.com
569,Frances Moore,sweber@yahoo.com,2024-07-31,yahoo.com
572,Matthew Garrett,mcgeemichelle@hotmail.com,2024-09-04,hotmail.com
573,Sara Alvarez,zcook@gmail.com,2024-07-04,gmail.com
576,Natasha Forbes,mcdowellaudrey@gmail.com,2024-09-13,gmail.com
578,Patrick Andrews,uglass@hotmail.com,2024-03-29,hotmail.com
580,Jennifer Grant,caldwelljoseph@yahoo.com,2024-01-10,yahoo.com
587,Brittany Martinez,fjones@gmail.com,2024-09-10,gmail.com
591,Jessica Stone,srobinson@yahoo.com,2024-06-14,yahoo.com
595,Jose Luna,john72@yahoo.com,2024-01-12,yahoo.com
597,Teresa Stokes,mark19@yahoo.com,2024-03-22,yahoo.com
599,Ray Richards,thomasdudley@yahoo.com,2024-12-18,yahoo.com
604,Edward Roy,richard54@gmail.com,2024-08-29,gmail.com
605,Sean Sampson,smccall@gmail.com,2024-02-10,gmail.com
607,Ryan Avila,elliottjanet@gmail.com,2024-10-23,gmail.com
610,Blake Davis,woodsjonathan@hotmail.com,2024-07-21,hotmail.com
612,Nicole Lang,burgessmorgan@gmail.com,2024-07-17,gmail.com
613,Morgan James,mccoyangela@gmail.com,2024-07-31,gmail.com
615,Gina Barron,rodriguezsabrina@hotmail.com,2024-06-20,hotmail.com
617,Tyler Rodriguez,aliciasanchez@yahoo.com,2024-12-12,yahoo.com
623,Taylor Jones,rpeterson@hotmail.com,2024-02-13,hotmail.com
627,Mary Monroe,daniellesingleton@yahoo.com,2024-05-30,yahoo.com
629,Donald Jordan,vargasjennifer@gmail.com,2024-09-11,gmail.com
633,Juan Ellis,nsanders@yahoo.com,2024-08-13,yahoo.com
635,Jacqueline Wilson,greenalejandra@hotmail.com,2024-11-23,hotmail.com
636,Patrick Leonard,breanna23@gmail.com,2024-04-12,gmail.com
640,Jeremy Sawyer,mfitzpatrick@gmail.com,2024-04-05,gmail.com
641,James Davis,harrisjeremy@hotmail.com,2024-07-31,hotmail.com
643,Dr. Jacob Williams MD,larrypeters@hotmail.com,2024-11-05,hotmail.com
645,Brianna Freeman,markking@hotmail.com,2024-07-19,hotmail.com
647,Ross Duncan,ccooper@gmail.com,2024-10-19,gmail.com
652,Katherine Hicks,vwebb@gmail.com,2024-05-26,gmail.com
654,Kelly Clayton,christianhudson@gmail.com,2024-10-16,gmail.com
655,Nicole Bray,sellersparker@gmail.com,2024-09-02,gmail.com
656,Todd Johns,kpayne@gmail.com,2024-11-09,gmail.com
657,Kelsey Valdez,zsanford@gmail.com,2024-06-16,gmail.com
667,Tanya Murray,christophergarcia@hotmail.com,2024-03-17,hotmail.com
672,Thomas Lewis,martinezmiranda@yahoo.com,2024-05-19,yahoo.com
675,Bryan Coffey,uguerrero@hotmail.com,2024-05-30,hotmail.com
676,Brianna Wilson,craig67@hotmail.com,2024-04-26,hotmail.com
677,Johnathan Gonzales,timothy89@hotmail.com,2024-05-16,hotmail.com
686,Thomas Hines,sullivandonna@yahoo.com,2024-09-28,yahoo.com
687,Bradley Anderson,tracy04@yahoo.com,2024-12-16,yahoo.com
693,Johnathan Schneider,trice@yahoo.com,2024-09-07,yahoo.com
695,Alyssa Bauer,bparker@hotmail.com,2024-03-12,hotmail.com
696,Kaitlin Ortiz,rogersjim@yahoo.com,2024-12-10,yahoo.com
698,Linda Wright,kbarajas@hotmail.com,2024-08-02,hotmail.com
702,Erica Herman,stevenfarrell@hotmail.com,2024-09-24,hotmail.com
704,Robert Carpenter,troythompson@yahoo.com,2024-07-03,yahoo.com
705,Anthony Parker,sanchezchristine@yahoo.com,2024-04-13,yahoo.com
707,Vanessa Edwards,davidbrowning@yahoo.com,2024-03-20,yahoo.com
713,Kimberly Fields,samanthaperez@hotmail.com,2024-09-15,hotmail.com
714,Jacqueline Schneider,nguyengabriel@yahoo.com,2024-07-13,yahoo.com
716,Karen Medina,brandon82@hotmail.com,2024-05-27,hotmail.com
717,Matthew Mclean,dylanreid@hotmail.com,2024-01-31,hotmail.com
720,Penny Lopez,anthonypatterson@hotmail.com,2024-01-08,hotmail.com
721,Annette Kemp,hallsamuel@gmail.com,2024-02-25,gmail.com
722,Alexander West,ewingphilip@yahoo.com,2024-10-12,yahoo.com
725,Steven Williams,ubruce@gmail.com,2024-05-05,gmail.com
728,Bryan Weaver,angelavargas@hotmail.com,2024-04-30,hotmail.com
731,Anthony Bryant,williamsnicole@gmail.com,2024-05-06,gmail.com
733,Linda Pittman,xwise@hotmail.com,2024-10-31,hotmail.com
735,Morgan Doyle,jeremysanchez@hotmail.com,2024-06-02,hotmail.com
738,George Benson,shanecrane@hotmail.com,2024-03-16,hotmail.com
739,Gloria Brown,cohenscott@yahoo.com,2024-08-21,yahoo.com
740,Jeffrey Martinez,icalhoun@gmail.com,2024-06-30,gmail.com
742,David Moore,brooksmonica@yahoo.com,2024-07-06,yahoo.com
744,Joseph Mitchell,richard09@hotmail.com,2024-08-25,hotmail.com
747,Michael Duncan,rstanley@gmail.com,2024-05-20,gmail.com
750,Jeremy Graham,christopherho@hotmail.com,2024-05-03,hotmail.com
751,Maria Robbins,sclark@hotmail.com,2024-10-25,hotmail.com
758,Thomas Walsh,brucetimothy@yahoo.com,2024-08-17,yahoo.com
760,Brian Glass,eric79@hotmail.com,2024-01-18,hotmail.com
763,Kyle Delgado,priceashley@yahoo.com,2024-02-25,yahoo.com
766,Kevin Strong,roberta44@hotmail.com,2024-04-02,hotmail.com
768,Derrick Gutierrez,riveraandrea@gmail.com,2024-08-26,gmail.com
769,Daniel Hayes,michaelkoch@gmail.com,2024-01-12,gmail.com
777,Holly Hardy,matthew50@gmail.com,2024-06-28,gmail.com
782,Jasmine Patterson,april94@yahoo.com,2024-11-01,yahoo.com
783,Michael Reed,chavezpaul@yahoo.com,2024-08-05,yahoo.com
786,Alexander Martin,danielcharles@yahoo.com,2024-06-23,yahoo.com
796,Katie Li,francojanice@hotmail.com,2024-01-04,hotmail.com
797,Sarah Smith,jonathanmiller@yahoo.com,2024-03-06,yahoo.com
801,Robin Young,lewisvictoria@yahoo.com,2024-11-20,yahoo.com
806,Shelby Roberts,robertrodriguez@yahoo.com,2024-04-07,yahoo.com
807,Deanna Garcia,debra26@yahoo.com,2024-07-16,yahoo.com
813,Suzanne Barker,patrick47@hotmail.com,2024-01-13,hotmail.com
821,Catherine Brown,wilsonandrea@yahoo.com,2024-09-30,yahoo.com
824,Miranda Poole MD,wwilliams@hotmail.com,2024-04-14,hotmail.com
826,Shannon Hayes,landerson@hotmail.com,2024-09-05,hotmail.com
828,Nancy Griffin,davissherry@gmail.com,2024-04-30,gmail.com
835,Timothy Vaughan,brandonjacobs@yahoo.com,2024-03-02,yahoo.com
837,Benjamin Shaw,yjohnson@hotmail.com,2024-03-07,hotmail.com
838,Timothy Chen,usimmons@hotmail.com,2024-02-13,hotmail.com
840,Hannah Rogers,andrewilliams@yahoo.com,2024-09-29,yahoo.com
845,Brandon Webb,boyerrachel@hotmail.com,2024-11-03,hotmail.com
846,Edward Young,alexandra21@hotmail.com,2024-05-22,hotmail.com
847,April Harmon,leahhernandez@gmail.com,2024-05-23,gmail.com
848,Lisa Carroll,michellesantos@hotmail.com,2024-08-09,hotmail.com
849,Max Perry,john92@yahoo.com,2024-08-06,yahoo.com
852,Ricardo Johnson,jessica93@hotmail.com,2024-10-20,hotmail.com
853,Ryan Howell,tylermary@gmail.com,2024-09-13,gmail.com
855,Gregory Sanders,brianrussell@hotmail.com,2024-09-08,hotmail.com
860,Kim Newman,nrivas@gmail.com,2024-02-28,gmail.com
866,Craig Smith,gmeyer@yahoo.com,2024-10-07,yahoo.com
869,Patricia Anthony,harperjames@hotmail.com,2024-05-13,hotmail.com
872,William Lee,qmartin@hotmail.com,2024-06-12,hotmail.com
878,Elizabeth Baker,theresa07@gmail.com,2024-01-24,gmail.com
885,Andrew Barnes,lisa64@hotmail.com,2024-03-15,hotmail.com
889,Kristin Cox,april27@gmail.com,2024-09-17,gmail.com
893,Pamela Mccarthy,tevans@hotmail.com,2024-02-15,hotmail.com
895,Sheri Gonzalez,thomashorne@hotmail.com,2024-04-27,hotmail.com
898,Angelica Lewis,kklein@yahoo.com,2024-03-05,yahoo.com
900,Carrie Riley,elizabeth14@hotmail.com,2024-04-27,hotmail.com
902,Suzanne Hall,amytorres@gmail.com,2024-01-28,gmail.com
907,Douglas Jackson,ann75@gmail.com,2024-10-15,gmail.com
911,Harold Richardson,dorothyadams@hotmail.com,2024-09-30,hotmail.com
912,David Wood,krivas@hotmail.com,2024-05-12,hotmail.com
914,Stacey Little,brendavillanueva@hotmail.com,2024-03-06,hotmail.com
916,James Nguyen,michaelreese@hotmail.com,2024-09-15,hotmail.com
918,Carmen Mccarthy MD,allen37@gmail.com,2024-10-01,gmail.com
922,Debra Gonzales,ramirezyolanda@hotmail.com,2024-10-14,hotmail.com
923,Ronald Lambert,sandracole@yahoo.com,2024-09-15,yahoo.com
924,Adrian Meyer,gallowaycrystal@gmail.com,2024-06-16,gmail.com
927,Christopher Schwartz,samuelbutler@hotmail.com,2024-02-27,hotmail.com
930,Nancy Reyes,moniqueclay@gmail.com,2024-01-05,gmail.com
933,Billy Mills,tyler54@yahoo.com,2024-09-30,yahoo.com
941,William Wright,lwright@hotmail.com,2024-06-07,hotmail.com
943,Donald Moore,christopherflores@gmail.com,2024-10-12,gmail.com
944,Deborah David,christopherromero@yahoo.com,2024-10-12,yahoo.com
945,Peggy Nguyen,mark80@gmail.com,2024-11-28,gmail.com
953,Peter Franco,teresa71@yahoo.com,2024-01-08,yahoo.com
954,Kathleen Peterson,leonsara@gmail.com,2024-06-06,gmail.com
959,Alexandra Frye,jasonscott@hotmail.com,2024-06-05,hotmail.com
961,Antonio Simmons,amberacevedo@yahoo.com,2024-10-20,yahoo.com
965,Jacob Hardy,duranlaura@yahoo.com,2024-10-24,yahoo.com
966,Justin Nichols,sandra50@hotmail.com,2024-11-01,hotmail.com
969,Michael Reynolds MD,taylor99@yahoo.com,2024-10-30,yahoo.com
979,Joseph Martinez,pcarey@gmail.com,2024-06-11,gmail.com
980,Jennifer Stevens,qgutierrez@gmail.com,2024-02-21,gmail.com
981,Elizabeth Williams,clarkbrendan@gmail.com,2024-07-22,gmail.com
984,David Ellison,rodriguezpatrick@gmail.com,2024-12-09,gmail.com
986,David Hughes,hwashington@gmail.com,2024-05-17,gmail.com
989,Randall Mcclain,zdouglas@gmail.com,2024-02-05,gmail.com
997,William Webb,eugenenichols@hotmail.com,2024-03-25,hotmail.com
998,Julie Mcgee,mary20@yahoo.com,2024-03-24,yahoo.com
1001,Misty Patel,jaygreen@yahoo.com,2024-06-19,yahoo.com
